Country Name,Country Code,Indicator Name,Indicator Code,1960,1961,1962,1963,1964,1965,1966,1967,1968,1969,1970,1971,1972,1973,1974,1975,1976,1977,1978,1979,1980,1981,1982,1983,1984,1985,1986,1987,1988,1989,1990,1991,1992,1993,1994,1995,1996,1997,1998,1999,2000,2001,2002,2003,2004,2005,2006,2007,2008,2009,2010,2011,2012,2013,2014,2015,2016,2017,2018,2019
Aruba,ABW,Interest payments (% of expense),GC.XPN.INTP.ZS,,,,,,,,,,,,,,,,,,,,,,,,,,,,,,,,,,,,,,,,,,,,,,,,,,,,,,,,,,,,
Afghanistan,AFG,Interest payments (% of expense),GC.XPN.INTP.ZS,,,,,,,,,,,,,,,,,,,,,,,,,,,,,,,,,,,,,,,,,,,,,,,0.236453874507531,0.090687955497329,0.039463301654616,0.040070829619139,0.023454823294551,0.018183633319231,0.027150737549449,0.055919757513554,0.067058428774764,0.14938922961397,0.108067197970998,0.134207231842939,,
Angola,AGO,Interest payments (% of expense),GC.XPN.INTP.ZS,,,,,,,,,,,,,,,,,,,,,,,,,,,,,,,,,,,,,,,,0.515795687907934,0.872258768604799,3.66566311744975,3.50001374609567,2.01445484881144,5.5877806237861,2.69257389643154,1.33100422338682,2.25039956468771,9.10997545640991,7.36797328177184,5.86364349679307,2.90838806661811,3.58610681857029,2.66253022615597,3.67351804684054,8.55526040521905,12.3007965356528,16.2321625110476,,
Albania,ALB,Interest payments (% of expense),GC.XPN.INTP.ZS,,,,,,,,,,,,,,,,,,,,,,,,,,,,,,,,,,,,9.19776411792363,12.1608992022617,22.1552856684362,31.0532391373495,,,,16.3343532018323,19.214911694913,16.9042738568665,,,,,,,13.6682301775033,13.4608020865638,13.2236898499138,11.6815414363756,10.9876215090978,10.2614056936117,8.5837737506021,9.58822665629312,
Andorra,AND,Interest payments (% of expense),GC.XPN.INTP.ZS,,,,,,,,,,,,,,,,,,,,,,,,,,,,,,,,,,,,,,,,,,,,,,,,,,,,,,,,,,,,
Arab World,ARB,Interest payments (% of expense),GC.XPN.INTP.ZS,,,,,,,,,,,,,,,,,,,,,,,,,,,,,,,,,,,,,,,,,,,,,,,,,,,,,,,,,,,,
United Arab Emirates,ARE,Interest payments (% of expense),GC.XPN.INTP.ZS,,,,,,,,,,,,,,,,,,,,,,,,,,,,,,,,,,,,,,,,,,,,,,,,,,,,,,,,,,,,
Argentina,ARG,Interest payments (% of expense),GC.XPN.INTP.ZS,,,,,,,,,,,,,,,,,,,,,,,,,,,,,,,8.65453523501721,11.0514735626967,9.80266060465569,7.60836419725674,8.32103773142235,10.2016545114294,11.2133840525283,13.0351030804744,14.7114600687675,17.2745311993124,20.1040140301883,22.2743490173661,34.2849338854665,30.0083948621788,26.3142537893684,,,,,,,,,,7.75788916526639,7.37421073749561,11.3900941602608,9.41981401802244,,
Armenia,ARM,Interest payments (% of expense),GC.XPN.INTP.ZS,,,,,,,,,,,,,,,,,,,,,,,,,,,,,,,,,,,,,,,,,,,,,3.04007337922149,2.44056684019969,1.98130833211915,1.85513374476396,1.46541025281867,2.17186874224572,3.82479630587602,4.16747686520194,4.45957393480411,4.53285590696072,5.32208689664101,5.85718553316555,7.54302134369226,9.69722344521238,10.4650763845107,
American Samoa,ASM,Interest payments (% of expense),GC.XPN.INTP.ZS,,,,,,,,,,,,,,,,,,,,,,,,,,,,,,,,,,,,,,,,,,,,,,,,,,,,,,,,,,,,
Antigua and Barbuda,ATG,Interest payments (% of expense),GC.XPN.INTP.ZS,,,,,,,,,,,,,,,,,,,,,,,,,,,,,,,,,,,,,,,,,,,,,,,,,,,,,,,,,,,,
Australia,AUS,Interest payments (% of expense),GC.XPN.INTP.ZS,,,,,,,,,,,,,7.61963952765693,7.30593607305936,6.47370343316289,5.84471271192031,4.90613901572806,6.23129730681218,6.44885591080378,7.0347473886165,7.08063080249269,7.15937264952503,7.04294119083075,6.97328764295446,7.62621977089521,9.09076300057852,10.3731091450621,10.8229697587496,9.74560085563676,9.14087075729201,8.34078990587729,6.43565385494835,5.5571131628559,4.8801377581839,5.66260120938813,6.48421052631579,7.13911892374473,7.25416361674351,6.80762007830156,7.75163269994421,6.56836208574856,3.45060345060345,2.85592476489028,2.44969336446516,1.95927775643488,1.81233112465168,1.68068239803606,1.55315081150721,1.46349454195653,1.43293596118133,2.0108004444202,2.71088176195112,3.31348659707554,3.28011421332556,3.26089544846242,3.53107084686807,3.61332403458419,3.56481412254262,3.67762419846917,
Austria,AUT,Interest payments (% of expense),GC.XPN.INTP.ZS,,,,,,,,,,,,,2.34581914491109,2.11192580058908,2.06494497112345,2.32215259859933,3.31172028890347,3.81511097825275,4.37334032718094,4.69091571532668,4.96946844134282,5.27823240589196,5.9834081455195,5.90658442492536,6.9549104385423,7.52511308230041,7.78529363502106,8.54678696118081,8.69025247160715,9.23702433136395,9.59117629594443,10.0073835047036,10.0142370468297,9.73398739265699,9.29221255866717,7.97716668632785,7.95887553689266,7.59278788120707,7.46285693467462,7.21336754018971,7.50797010193534,7.28217889972513,7.27256801990315,6.81446251693828,6.19958328749224,6.92704652509672,6.72000450816804,6.72938760368424,6.14072749994769,6.2997222623901,6.05789131326025,5.94325738312196,5.77753618491946,5.44624943497935,5.00399593474383,4.95227663951469,4.54890820437772,4.08688752660935,,
Azerbaijan,AZE,Interest payments (% of expense),GC.XPN.INTP.ZS,,,,,,,,,,,,,,,,,,,,,,,,,,,,,,,,,,,0.156080993549173,0.276787786733001,2.27628077833579,2.77951497463693,1.90148586104398,2.28073216641686,,,,,,,,,0.44019654035135,0.957840416727521,0.445647881762284,1.7622793254294,0.742686350874015,1.26900426286869,0.645571852453863,1.56823762434997,3.73694715575786,2.51810831079477,,
Burundi,BDI,Interest payments (% of expense),GC.XPN.INTP.ZS,,,,,,,,,,,,,,,,,,,,,,3.25421454331963,,,,,,,,,,6.79018671476297,6.21548508955869,6.14216272460437,6.80791056440926,6.30452089367685,7.39897933573162,,,,,,,,,,,,,,,,,,,,,,,
Belgium,BEL,Interest payments (% of expense),GC.XPN.INTP.ZS,,,,,,,,,,,,,,,,,,,,,,,,,,,,,,,,,,,,17.9532069172383,17.0667946479684,15.9350216987105,15.4283282868032,14.5290644572333,14.4159483685384,13.8259336207025,12.8782924863133,11.4065188716513,10.6445923180871,9.143552351048,9.31761625688956,8.92577393256542,8.43301625518648,7.66469397949421,7.27547517543771,7.0798337050296,6.94732980599647,6.56550162848579,6.45475913808415,6.27588167383144,5.87443339383603,5.24849258193499,,
Benin,BEN,Interest payments (% of expense),GC.XPN.INTP.ZS,,,,,,,,,,,,,,,,,,,,,,,,,,,,,,,,,,,,,,,,,,,,,,,,,,,,,,,,,,,,
Burkina Faso,BFA,Interest payments (% of expense),GC.XPN.INTP.ZS,,,,,,,,,,,,,,,,,,,,,,,,,,,,,,,,,,,,,,,,,,,6.6716616919644,6.56075243119672,6.53586138462937,5.49442819014366,4.49811252796251,2.90481154719042,2.79813047522375,3.38045023733493,4.02939832610324,4.50320719581571,5.04492938192227,4.24376877402402,4.96386082803556,4.73915449194844,5.83713238580495,4.58980747156738,6.34250320832573,
Bangladesh,BGD,Interest payments (% of expense),GC.XPN.INTP.ZS,,,,,,,,,,,,,,,,,,,,,,,,,,,,,,,,,,,,,,,,,,18.1205424054193,19.8553644624484,20.5754548912446,19.5078365026761,19.4320761524452,20.8285469686043,21.7344305333332,22.9042099279642,21.7712932807459,20.0480548153633,17.2903702844261,19.9533853622565,21.199737925969,21.9275620106636,22.6898909036248,20.2540176574744,,,
Bulgaria,BGR,Interest payments (% of expense),GC.XPN.INTP.ZS,,,,,,,,,,,,,,,,,,,,,,,,,,,,,,,9.82256802931127,16.3974620524434,17.478026544438,22.3420387531592,33.2558635487255,,,,,,,,,,,4.90800011319198,4.32302785974077,3.37191777994722,2.57743601038698,2.07987493527624,2.11782669268996,2.27723852950337,2.47831517883514,2.13133473281025,2.18502863997635,2.58073555484456,2.65448616937661,2.37549702321737,,
Bahrain,BHR,Interest payments (% of expense),GC.XPN.INTP.ZS,,,,,,,,,,,,,,,0.201207243460765,0.379266750948167,0.462534690101758,0.795228628230616,0.972762645914397,0.789343857918106,0.645942672587808,0.906555090655509,0.580270793036751,0.528211284513806,0.492726419521351,0.974797907750832,1.43198090692124,2.67958950969213,3.125,3.42346812205408,4.12705773243682,1.90995907230559,2.61944677284158,3.04656064380149,3.15480557593544,3.83751403968551,3.77537469170935,3.83312533428419,4.16882892233178,4.88667416814017,6.69118687225916,7.03284721275726,4.1240666283745,5.44172725269883,4.60104250200481,,,,,,,,,,,,,,,
"Bahamas, The",BHS,Interest payments (% of expense),GC.XPN.INTP.ZS,,,,,,,,,,,,,,,,,,,,,,,,,,,,,,,11.751283513976,13.4180011043622,12.6645321949484,14.30426716141,14.1629364368845,13.6333109469443,13.2645317954166,13.2054951586455,13.5381323217734,12.0448532191004,11.1272025102583,11.6147635524798,10.6535168527149,10.7107107107107,11.1565000190934,10.8530871866849,9.83031752429878,10.0914504466185,10.6413161792259,10.8472919223641,12.7771278507494,13.7992828021132,11.9811393030118,12.6559674921661,13.2423999899959,13.6126091179276,13.7457106510813,11.4818503119488,14.0839944878982,
Bosnia and Herzegovina,BIH,Interest payments (% of expense),GC.XPN.INTP.ZS,,,,,,,,,,,,,,,,,,,,,,,,,,,,,,,,,,,,,,,,,,,,,,1.62447077393825,1.53218558780165,1.28684183603892,1.18610288070247,1.13975937415031,1.08874670171812,1.43786439793861,1.76888865910651,1.79368218787289,1.96148909245816,2.27059901151193,2.19018703103435,1.93998662824324,1.9151057609065,
Belarus,BLR,Interest payments (% of expense),GC.XPN.INTP.ZS,,,,,,,,,,,,,,,,,,,,,,,,,,,,,,,,,2.06185567010309,2.14963707426019,0.735818598190487,0.829098996082343,2.30669143583457,2.3777278710135,2.79663225396421,2.36012845871525,3.25423845981024,2.64117088731033,2.20571706733266,1.78319999339354,1.59872470517418,1.14818688376041,1.0394307886554,1.02116569395334,1.57315040468583,2.22083630680411,1.76155608324416,3.27681838353687,3.97243248603444,2.8703331380837,3.28334134945271,5.3355343813654,6.19015532964718,6.05136298171952,,
Belize,BLZ,Interest payments (% of expense),GC.XPN.INTP.ZS,,,,,,,,,,,,,,,,,,,,,,,,,,,,,,,8.02592295929513,7.1804735690124,6.75538226818105,8.08978594379328,9.1988626860679,11.1189418931949,11.8043254462779,9.65720254486753,9.28546081888123,10.370779842816,13.9815247619976,15.8642924751538,18.1458401351371,19.1815259661394,32.6895838987052,28.0177794624975,27.4214490997899,18.1596358534725,16.1466361437648,14.3179790110595,14.9858514635617,14.036699890139,8.12485940849822,10.9039765260105,10.8842828708149,9.39917492267729,9.09629890120461,10.335984849394,,
Bermuda,BMU,Interest payments (% of expense),GC.XPN.INTP.ZS,,,,,,,,,,,,,,,,,,,,,,,,,,,,,,,,,,,,,,,,,,,,,,,,,,,,,,,,,,,,
Bolivia,BOL,Interest payments (% of expense),GC.XPN.INTP.ZS,,,,,,,,,,,,,,,,,,,,,,,,,,,5.58726673984632,9.43795419004691,7.86053882725832,7.53738543174144,6.64780763790665,7.37156425384948,8.23051654121725,9.03473044280813,11.6373967927083,12.7492203651144,10.602631206677,8.64962435359547,8.41971583323383,6.35608669232327,8.3433272120826,8.45743791703664,8.17612819398618,8.96932464047546,9.36340460569721,10.0328721053237,12.7985050949459,9.53554185581189,,,,,,,,,,,,
Brazil,BRA,Interest payments (% of expense),GC.XPN.INTP.ZS,,,,,,,,,,,,,,,,,,,,,8.69565217391304,10.8695652173913,16.3265306124115,22.4669603523239,34.3046357615326,45.3657092093607,46.5846994536009,41.000183857323,53.9014897328956,66.206552364735,79.073644268156,34.944682163483,49.0240027152364,52.9341528896426,45.1803449305101,,,14.3418656760252,19.9010324566689,20.2432009042024,16.8184044644753,16.6624708946807,14.7230742163955,26.6482632430998,19.2822970123295,23.6370975193121,29.0396219860049,26.3165472360941,27.6117416792872,24.4737846381682,23.1491125319968,24.6163990104907,22.7850736369768,22.7705100213689,23.4952205201029,32.2983195732608,27.1353485756407,25.0572226856043,,
Barbados,BRB,Interest payments (% of expense),GC.XPN.INTP.ZS,,,,,,,,,,,,,,,,,,,,,,,,,,,,,,,,,,,,,,,,,,,,15.8360852596818,15.2898142937535,13.7458298644222,14.3167918058026,14.2223164095204,13.3524382246479,14.1758609639925,15.6955782367814,17.5378037075773,17.254830284572,17.9971940566376,20.5271695493129,19.9486353348306,,,,
Brunei Darussalam,BRN,Interest payments (% of expense),GC.XPN.INTP.ZS,,,,,,,,,,,,,,,,,,,,,,,,,,,,,,,,,,,,,,,,,,,,,,,,,,,,,,,,,,,,
Bhutan,BTN,Interest payments (% of expense),GC.XPN.INTP.ZS,,,,,,,,,,,,,,,,,,,,,,,,0.261894369271061,0.325626831650928,,,,0.083562134415662,2.0076377523186,3.82726346029098,2.98934932426385,5.03001098993998,4.90566037735849,13.1720592682189,10.0550199384181,7.85430362329919,7.73862024005829,3.85046728971963,2.58224591067818,2.11805097055328,1.71463833913695,2.39800890309023,3.14310998288744,4.07198855146066,5.68315154916611,4.86825341820016,4.87556633994541,13.9180767680169,12.1612425589341,11.0784631740252,9.6613385654699,9.47024645382005,12.4495224024116,9.62675580142789,8.10597825804131,7.59680019087425,6.78742994322743,,
Botswana,BWA,Interest payments (% of expense),GC.XPN.INTP.ZS,,,,,,,,,,,,,,,,,,,,,,,,,,,,,,,2.78049402661451,2.73534315713578,2.54872563718141,2.39282456673761,2.54142981743812,2.28081970070466,1.95830565851777,,,,,,,,,,1.38835344064306,1.22949805558772,1.07702886955114,1.30390802198542,1.81948222916982,1.90576661969694,2.00630931403079,1.94508481788685,1.73458458095952,1.93077694651158,1.99356983285517,2.10897972415231,1.83392334871963,
Central African Republic,CAF,Interest payments (% of expense),GC.XPN.INTP.ZS,,,,,,,,,,,,,,,,,,,,,,,,,,,,,,,,,,,,,,,,,,,,,8.56128502931253,,,,10.8556921284309,7.02298713851315,5.49191563859146,4.51428141261167,5.64755713945218,,1.12150756063441,2.01152273091698,6.7960021746945,,,
Canada,CAN,Interest payments (% of expense),GC.XPN.INTP.ZS,,,,,,,,,,,,,,,,,,,,,,,,,,,,,,,25.1428844157549,23.206601727954,21.6938139159635,21.0307400622044,21.4928277490084,23.9048098043643,23.7686786619546,23.6732992681765,23.3204039041255,22.1107344632768,21.9717034739813,19.6923709106531,17.3059793025935,15.6975459743198,14.6592953929539,12.8135100895489,12.7648803917875,11.9320665881957,10.8256764060662,9.35084486029258,8.89420052836835,9.11660219467909,8.53971338504941,8.39700058769773,7.70589601594113,7.01250128841312,6.35046337690354,5.88430635650878,6.27149798897119,
Central Europe and the Baltics,CEB,Interest payments (% of expense),GC.XPN.INTP.ZS,,,,,,,,,,,,,,,,,,,,,,,,,,,,,,,,,,,,,,,,,,,,,,,,,,,,,,,,,,,,
Switzerland,CHE,Interest payments (% of expense),GC.XPN.INTP.ZS,,,,,,,,,,,,,2.03546053894899,1.85328185328185,1.96308497675888,2.2184900207007,2.01196863392489,2.64338987525576,2.54970307255358,2.44681177662481,2.57534566926832,2.9288347037142,2.62794268167861,2.42844332420445,2.2111414453645,,,,,,3.58110396073907,3.55925430272552,4.03849673098156,3.73157964277457,4.59781203095593,4.56247824538214,4.01178767765803,4.11020781523288,4.35447245119438,4.38924790554553,4.24901792450777,4.23994989818511,3.76816040431907,3.50495920192972,3.50899030775889,3.92734471791239,4.39277756027248,3.93321990814245,3.6139563200549,3.02858478065073,2.79640095595969,2.55094120271285,2.29180853200178,1.97980633401907,1.83250989280021,1.71633458840503,1.47879376959261,1.24806199168775,1.01690662180826,
Channel Islands,CHI,Interest payments (% of expense),GC.XPN.INTP.ZS,,,,,,,,,,,,,,,,,,,,,,,,,,,,,,,,,,,,,,,,,,,,,,,,,,,,,,,,,,,,
Chile,CHL,Interest payments (% of expense),GC.XPN.INTP.ZS,,,,,,,,,,,,,,,3.03030303030303,11.8611378977821,9.26674364896074,10.4960899315738,5.94226260257913,4.21407071067803,3.11508298376801,1.5063054647361,1.665825340737,4.16764977156217,4.58685241619504,6.93771744320895,6.27896358863144,9.07713819622466,11.2619177502219,9.16445482535301,10.5653955767011,11.563002633579,7.79650475326075,6.91652933794959,5.50910216524172,4.36445811835496,3.25481681112687,2.46853399450813,3.58731496634633,1.67705418645297,5.82976045544636,5.72907688507041,5.57393390986214,5.73921306769855,5.10152487377595,4.62831932073587,4.07438203945877,3.52246741780817,2.53678492555246,2.46854701715343,2.19010304315571,2.74596029212862,2.99332736086529,2.87620204726598,2.59612380395355,3.02556733967992,3.41178441580559,3.50557517733231,4.04108623203162,
China,CHN,Interest payments (% of expense),GC.XPN.INTP.ZS,,,,,,,,,,,,,,,,,,,,,,,,,,,,,,,,,,,,,,,,,,,,,,,,,,,,,,,,,,,,
Cote d'Ivoire,CIV,Interest payments (% of expense),GC.XPN.INTP.ZS,,,,,,,,,,,,,,,,,,,,,,,,,,,,,,,,,,,,,,,,,,25.4315629492387,23.3497544740576,17.1424078005819,14.8511691006304,13.2728771640561,10.2398882074373,11.3246116107931,10.8603498716341,10.0858703202472,10.580331135563,13.1941602676745,11.1000390777648,10.2408845785235,6.2313059256766,8.16782655043181,9.36857438056189,8.32576662136964,,
Cameroon,CMR,Interest payments (% of expense),GC.XPN.INTP.ZS,,,,,,,,,,,,,,,,,,,,,,,,,,,,,,,7.80231938696062,8.13748698039958,8.25926547040081,12.7595785018297,23.9273116935304,25.6165010188381,,,24.9332938037355,22.4412638401296,,,,,,,,,,,,,2.61007095414173,2.68946544820712,2.99502272235447,2.95510273103915,6.07229724062736,7.88543460527508,,
"Congo, Dem. Rep.",COD,Interest payments (% of expense),GC.XPN.INTP.ZS,,,,,,,,,,,,,2.93333333333334,4.59518599562364,5.03048780487804,5.71895424836603,8.34160873882819,9.95348837209304,9.37257939581717,10.1285547331515,9.1284292303957,14.3702992478796,14.1188714153561,,,,,,7.16831252210343,11.5884037602594,,,,,,,,,,,,,,,,,,,,,,,,,,,,,,
"Congo, Rep.",COG,Interest payments (% of expense),GC.XPN.INTP.ZS,,,,,,,,,,,,,,,,,,,,,,,,,,,,,,,,,,,,,,,,,,34.4984112573763,31.5192341783372,29.6637943820601,4.79068950109572,11.4845956759272,26.7827034214289,14.3555272256669,23.0457632895139,7.65093015231274,7.98407328460646,1.42516493818158,1.23481106198554,1.91940615058325,1.35685210312076,2.57934693130888,3.11948751276576,,,
Colombia,COL,Interest payments (% of expense),GC.XPN.INTP.ZS,,,,,,,,,,,,,,,,,,,,,,,,,,,,,,,,,,,,,,,15.7251494721265,15.4911065111417,18.8718800558186,,,17.2727622865113,,,,,12.7417173195212,13.0946668875423,11.0038272014186,10.773670994151,9.65289638555788,7.35948485240786,7.53753811598626,8.77800379088512,9.28278181124048,10.7990688210546,,
Comoros,COM,Interest payments (% of expense),GC.XPN.INTP.ZS,,,,,,,,,,,,,,,,,,,,,,,,,,,,,,,,,,,,,,,,,,,,,,,,,,,,,,,,,,,,
Cabo Verde,CPV,Interest payments (% of expense),GC.XPN.INTP.ZS,,,,,,,,,,,,,,,,,,,,,,,,,,,,,,,,,,,,,,,,,,,,,,7.39504657733881,6.6587587540354,6.22494605870952,5.97396357521668,5.29008485374179,6.08755928615938,5.87463468289217,7.56522160908259,8.62609262703433,8.37834689512062,9.06993849214023,9.00787905775323,9.09204292587271,,
Costa Rica,CRI,Interest payments (% of expense),GC.XPN.INTP.ZS,,,,,,,,,,,,,,8.86075949367089,8.5427135678392,7.2992700729927,6.80473372781065,7.52941176470588,7.25806451612903,8.42391304347826,10.0671140939597,8.80929332042594,9.87045033929673,9.07079646017699,10.7843137254902,9.5053095053095,9.74753385721451,8.89591640313488,10.592437492302,10.3325301204819,12.784919946368,17.0703149072533,16.15974222526,12.7023236420151,13.952015203104,20.3758676874316,20.8970270171194,18.1075268817204,15.6611715187653,18.2307564237749,17.2628564142301,17.8882049909681,17.7586572363502,18.3522901936674,18.1823133698287,18.1940295286823,17.4677711251604,14.3392537103495,9.75378677931978,8.36331328621497,8.07912868092303,8.32136542744384,7.75896832307024,9.40982198394597,9.34970815131691,9.3831290157916,10.1508188036572,10.1179539144556,11.914614721021,
Caribbean small states,CSS,Interest payments (% of expense),GC.XPN.INTP.ZS,,,,,,,,,,,,,,,,,,,,,,,,,,,,,,,,,,,,,,,,,,,,,,,,,,,,,,,,,,,,
Cuba,CUB,Interest payments (% of expense),GC.XPN.INTP.ZS,,,,,,,,,,,,,,,,,,,,,,,,,,,,,,,,,,,,,,,,,,,,,,,,,,,,,,,,,,,,
Curacao,CUW,Interest payments (% of expense),GC.XPN.INTP.ZS,,,,,,,,,,,,,,,,,,,,,,,,,,,,,,,,,,,,,,,,,,,,,,,,,,,,,,,,,,,,
Cayman Islands,CYM,Interest payments (% of expense),GC.XPN.INTP.ZS,,,,,,,,,,,,,,,,,,,,,,,,,,,,,,,,,,,,,,,,,,,,,,,,,,,,,,,,,,,,
Cyprus,CYP,Interest payments (% of expense),GC.XPN.INTP.ZS,,,,,,,,,,,,,4.80189491817399,4.33311855670103,3.32108343541581,3.82485511912427,4.7789863457533,6.66194188518779,6.32795609512722,7.89640815750476,7.88301583042662,9.30387328630375,10.7808453991758,12.083069301227,14.7124824684432,14.4409167576148,15.5114450981362,14.871742253232,15.0998336106489,15.7767420858263,15.1319803687491,15.9220865459106,15.5673339053556,16.920693670465,17.032704702793,6.67016056029349,7.68317354208813,7.5609756097561,8.89634188507019,8.85462699270025,9.74610244988864,9.49244583042099,8.48103772650758,8.29724471223247,8.04736831487422,8.0777506290799,7.77642562089711,7.57733361071548,6.88706028159271,5.52536977580198,4.6379461092123,4.99753846930661,7.41103616334426,8.06312205343112,6.50546444866248,7.94391198321329,7.3929506015818,7.03516879896297,,
Czech Republic,CZE,Interest payments (% of expense),GC.XPN.INTP.ZS,,,,,,,,,,,,,,,,,,,,,,,,,,,,,,,,,,4.80385413225155,3.57970500182201,1.99805197211356,2.68606967549292,2.70819644030512,2.64644053302929,2.28350780373368,2.00613662028771,2.37838548651545,3.12582770945575,2.66786076649488,2.94880064596665,3.03111502992369,2.9749684605547,3.06193530780936,2.94838172891636,3.36121658736104,3.64187609323283,3.72469281683508,3.75377173957414,3.71712228534546,3.60380714544972,3.10245554614733,2.70938546497829,2.27177625512722,,
Germany,DEU,Interest payments (% of expense),GC.XPN.INTP.ZS,,,,,,,,,,,,,1.58195020746888,1.61511086777991,1.8338220918866,1.91188413643747,2.26983782442866,2.60829198943917,2.71042534084416,2.9558913620584,3.22014185044129,3.84842852314971,4.52664148517238,5.29433615515455,5.22937476877543,5.34698725793681,5.34687852739431,5.25291181364393,5.22255098469665,5.05325736933368,4.93327483973225,5.16841259666177,6.44035288885052,6.36510228121588,6.77589073023599,6.1185010374658,7.16119874575972,7.15483653328089,7.16891596850404,6.74520486523257,6.77096982853299,6.44176601009927,6.18734246679306,5.76013540119908,5.69426849790052,5.52121299854237,5.57646872957854,5.79058064405511,5.77548083867599,5.19666825183337,4.64640928708888,5.30821631103824,4.8408747979393,4.07955593225808,3.23949723783177,2.81583069965933,2.35990399379836,1.9893166530472,,
Djibouti,DJI,Interest payments (% of expense),GC.XPN.INTP.ZS,,,,,,,,,,,,,,,,,,,,,,,,,,,,,,,,,,,,,,,,,,,,,,,,,,,,,,,,,,,,
Dominica,DMA,Interest payments (% of expense),GC.XPN.INTP.ZS,,,,,,,,,,,,,,,,,,,,,,,,,,,,,,,,,,,,,,,,,,,,,,,,,,,,,,,,,,,,
Denmark,DNK,Interest payments (% of expense),GC.XPN.INTP.ZS,,,,,,,,,,,,,1.42714124438196,1.61303266190514,1.49486587598504,1.62982468297415,2.11828209921632,3.42603478776824,3.79340726694631,6.58508924755925,6.97289052208278,9.29027564947261,10.9192019646445,13.254830643328,17.3243619799271,19.2369363323273,18.50596058228,17.7762418280687,16.3232539470163,15.4236481843649,15.5759815534287,15.1879971521163,13.3290468790095,14.125390307541,13.5446885441321,13.1324897477222,13.1453146301213,12.2591322326884,11.1183222786136,10.3989568761987,9.73954151441165,8.84481852494784,8.09751075087768,7.14063156946363,6.4820677103344,5.50003071330753,4.92312976525687,4.02586323736935,3.34804103660617,4.10586619558416,4.13310810722539,4.25746634253647,3.80273407899124,3.77737902176307,3.36602879668357,3.65134023322341,3.30474118752163,2.71388660560514,,
Dominican Republic,DOM,Interest payments (% of expense),GC.XPN.INTP.ZS,,,,,,,,,,,,,1.10717449069973,1.75789053136236,1.97089144936325,1.81008902077151,2.31368728689722,,2.41480038948393,7.060554057367,6.94459329117994,7.77754547355216,7.63728403213382,9.27303949627934,6.83487427633284,3.14749806628191,1.13806528900869,1.20558041589892,0.776217469724298,9.53611829122544,6.75932382715752,10.6862673750091,6.3679940278569,11.7230335913988,8.824387496862,9.14740785118216,5.54380982433996,3.87820222527224,4.00332430435853,4.72176498699092,5.68859989124021,5.90502185567886,7.77702568612083,11.6938995792625,12.4278857248604,8.5274911183776,9.48012350134452,8.49644239535655,9.87356087363538,12.2139891518051,12.7117578358164,14.4808368831438,15.1377919997457,14.6332879262134,15.3053599107229,16.4409379753268,16.9820182337697,17.9124563946392,16.4867578909242,
Algeria,DZA,Interest payments (% of expense),GC.XPN.INTP.ZS,,,,,,,,,,,,,,,,,,,,,,,,,,,,,,,,,,,,,,,,,,,,,,,,,,,,,,,,,,,,
East Asia & Pacific (excluding high income),EAP,Interest payments (% of expense),GC.XPN.INTP.ZS,,,,,,,,,,,,,,,,,,,,,,,,,,,,,,,,,,,,,,,,,,,,,,,,,,,,,,,,,,,,
Early-demographic dividend,EAR,Interest payments (% of expense),GC.XPN.INTP.ZS,,,,,,,,,,,,,,,,,,,,,,,,,,,,,,,,,,,,,,,,,,,,,11.7319101707812,,,,9.09556721280236,7.46761662061856,,,,,,,,,,
East Asia & Pacific,EAS,Interest payments (% of expense),GC.XPN.INTP.ZS,,,,,,,,,,,,,,,,,,,,,,,,,,,,,,,,,,,,,,,,,,,,,,,,,,,,,,,,,,,,
Europe & Central Asia (excluding high income),ECA,Interest payments (% of expense),GC.XPN.INTP.ZS,,,,,,,,,,,,,,,,,,,,,,,,,,,,,,,,,,,,,,,,,,,,,,,,,,,,,,,,,,,,
Europe & Central Asia,ECS,Interest payments (% of expense),GC.XPN.INTP.ZS,,,,,,,,,,,,,,,,,,,,,,,,,,,,,,,,,,,,,,,,,,,,,,,,,,,,,,,,,,,,
Ecuador,ECU,Interest payments (% of expense),GC.XPN.INTP.ZS,,,,,,,,,,,,,,,,,,,,,,,,,,,,,,,,,,,,,,,,,,,,,,,,,,,,,,,,,,,,
"Egypt, Arab Rep.",EGY,Interest payments (% of expense),GC.XPN.INTP.ZS,,,,,,,,,,,,,,,,3.08092056421678,3.40947834981248,4.85074626865672,8.09185347184254,9.40362304091187,,6.64290805416964,4.95582020745294,8.93993635640414,9.40548653381139,9.52238359035784,10.0940479257923,12.1465833709023,12.2595304216107,14.7333778498521,16.2763516730877,19.1362645230579,18.079700454667,27.4905861165684,30.6930875576037,26.0217864923747,25.933774405927,23.986156162215,,,,,19.665065282244,20.7925477377687,21.0859853332209,20.2089647363532,17.2010542481219,17.560305150653,15.0853305376009,13.958581501277,17.8615837104332,19.0798082369558,19.4397903688734,22.5897666592664,22.7221711517273,24.2332160259881,,,,
Euro area,EMU,Interest payments (% of expense),GC.XPN.INTP.ZS,,,,,,,,,,,,,,,,,,,,,,,,,,,,,,,,,,,,,,,,,,,,,,,,,,,,,,,,,,,,
Eritrea,ERI,Interest payments (% of expense),GC.XPN.INTP.ZS,,,,,,,,,,,,,,,,,,,,,,,,,,,,,,,,,,,,,,,,,,,,,,,,,,,,,,,,,,,,
Spain,ESP,Interest payments (% of expense),GC.XPN.INTP.ZS,,,,,,,,,,,,,,,,,,,,,,,,,,,,,,,,,,,,16.7183562705951,17.9148540814643,17.3862207804767,16.1967701946594,14.1325663485423,13.1110120511559,12.703609363645,12.5633104103851,11.5724324672813,10.0273843372073,9.27674257230346,8.23474452554744,7.78843390999333,7.35685261375252,7.13302752293578,8.58876177280132,10.8609939264805,10.2402931064316,13.6075676235522,14.1852063129873,13.4235532537717,12.7501543602223,12.1036501692434,,
Estonia,EST,Interest payments (% of expense),GC.XPN.INTP.ZS,,,,,,,,,,,,,,,,,,,,,,,,,,,,,,,,0.260348867482426,,,,1.25596339207477,1.63357823979991,0.909090909090909,1.04741524946503,0.717155790651544,0.548852848101266,0.459951681843524,0.573355817875211,0.522772575125052,0.515272959956892,0.405649483315074,0.326084230064966,0.251408937587731,0.248484421260398,0.231727502395679,0.209948320413437,0.2311716753863,0.330586667982435,0.338551372841347,0.417035072207486,0.347478433529656,0.291323622545915,0.217467049536831,,
Ethiopia,ETH,Interest payments (% of expense),GC.XPN.INTP.ZS,,,,,,,,,,,,,,,,,,,,,,,,,,,,,,,5.61681343891068,7.24093194226715,9.17121795445728,13.4358221051565,19.1994382022472,14.7474676420934,15.5477680433876,13.5140994695535,10.4507078238047,9.54461931012158,,10.7546012886624,8.61483127415464,8.71812897584061,7.82192945176371,6.99120764639802,19.2332982119798,18.2089825380373,4.89777867434264,3.36909866020018,3.27005465636134,3.67639997968286,3.99974712153181,3.54575922131073,3.7566330319856,3.96334868648026,4.57051911671548,4.20611286662888,4.6612403302757,
European Union,EUU,Interest payments (% of expense),GC.XPN.INTP.ZS,,,,,,,,,,,,,,,,,,,,,,,,,,,,,,,,,,,,,,,,,,,,,,,,,,,,,,,,,,,,
Fragile and conflict affected situations,FCS,Interest payments (% of expense),GC.XPN.INTP.ZS,,,,,,,,,,,,,,,,,,,,,,,,,,,,,,,,,,,,,,,,,,,,,,,,,,,,,3.72381744111314,,,4.01591436089142,5.78372341229299,,,
Finland,FIN,Interest payments (% of expense),GC.XPN.INTP.ZS,,,,,,,,,,,,,2.2092010452134,2.02204639210117,1.31472491909385,0.981709593131766,0.91549295774648,1.24211300681889,1.579459348761,2.15237672145713,2.35924299415112,2.67759375855461,3.1141969032333,3.82020217222265,4.40151921150128,4.71459124981832,4.32660348331466,4.11535800760983,4.10829441850123,3.57972798729539,3.1043744951369,3.25108200775674,4.23407847571147,8.41353020787967,10.1475118266163,7.51831062329153,8.76538360827442,9.84013970983342,8.88869234511122,7.76688547244775,7.73571444014442,7.3867653786965,5.78651905939622,5.13760081597189,4.7679755226925,4.36883853683307,3.99102230922407,3.83292383292383,3.64267530664198,3.24354673845755,3.34293070512998,3.41447824002557,3.4265564513038,3.00433376060551,2.9086699131099,2.7976386471612,2.61266081939371,2.47749327721267,,
Fiji,FJI,Interest payments (% of expense),GC.XPN.INTP.ZS,,,,,,,,,,,,,,,,,,,,,,,,,,,,,,,14.4432263777038,14.2622746531528,12.1745994725417,10.2570368879561,10.1567050339759,11.8299869199962,10.4351819671317,,,,,,,,10.1038226779969,10.2847186536485,10.0137137581703,,,,15.5721699419731,16.3383071668689,15.2738012671749,13.8208856085299,11.2782718409678,11.270910418656,10.1521606141302,9.67183626888854,9.50895579186348,
France,FRA,Interest payments (% of expense),GC.XPN.INTP.ZS,,,,,,,,,,,,,1.49350649350649,1.24457308248915,1.3814095059705,2.15633423180594,1.92116594898973,2.05270053865192,2.16822429906542,2.34037963761864,2.17471774939848,3.17594586281145,3.17936021890677,4.13161230840151,4.2263873575891,4.54479100773684,4.62682456623521,4.41635481003314,4.33470137723793,4.67444426927322,5.18259835791505,5.3092425295344,5.76704637652938,6.05663025569049,6.38648537288835,6.3613877877562,6.57022298303065,6.55230080754953,6.62147667448662,6.2214038844287,6.181053909689,6.14827117195694,6.04563114798449,5.7582656664441,5.72794901606526,5.6738140616529,5.43606953230751,5.56744934932883,5.77198181515141,4.92402687235939,4.98202893568605,5.43384689570771,5.19657413887969,4.59432771418307,4.35705691791517,4.05157567594977,3.83671541854183,3.63675714539875,,
Faroe Islands,FRO,Interest payments (% of expense),GC.XPN.INTP.ZS,,,,,,,,,,,,,,,,,,,,,,,,,,,,,,,,,,,,,,,,,,,,,,,,,,,,,,,,,,,,
"Micronesia, Fed. Sts.",FSM,Interest payments (% of expense),GC.XPN.INTP.ZS,,,,,,,,,,,,,,,,,,,,,,,,,,,,,,,,,,,,,,,,,,,,,,,,,1.12496878162214,1.1755772410671,1.21217445189777,1.30570579486642,0.987976469157145,1.26971138611091,1.36412321421106,1.20604281399019,0.887517826453152,0.755997362227461,0.68295417148422,
Gabon,GAB,Interest payments (% of expense),GC.XPN.INTP.ZS,,,,,,,,,,,,,,,,,,,,,,,,,,,,,,,,,,,,,,,,,,,,,,,,,,,,,6.08845532244819,10.6899663532502,8.08518224545752,11.7859077435152,13.6046289920143,16.1247791839056,17.5360260209864,
United Kingdom,GBR,Interest payments (% of expense),GC.XPN.INTP.ZS,,,,,,,,,,,,,8.77813184624577,9.41098610191926,8.94830173236939,8.71517066686731,9.07202509644326,9.24453662096248,9.9086274250149,10.7683352735739,10.8947885939036,10.5180191344867,9.89096082333132,10.0345846484454,10.403619739479,10.6311225309138,10.6244512883401,11.4411462986863,11.2956454248882,10.855550991982,9.0097455198026,7.26211128315934,6.61201775430914,6.95156027269324,7.78417542170768,8.63096735670125,8.90984028180202,9.4190928598234,9.44169049192238,7.99016073624836,7.46011846309278,6.39364859011507,5.31659342542932,5.04670911991612,5.05931634181638,5.281073797924,5.30174571042272,5.7886144926716,5.40101080906335,4.348250716208,6.6672965714969,7.55986033933956,6.75083166485906,7.04030145804637,6.75668906094323,5.99866299613432,6.49031484290714,7.33666456789958,,
Georgia,GEO,Interest payments (% of expense),GC.XPN.INTP.ZS,,,,,,,,,,,,,,,,,,,,,,,,,,,,,,,,,,,,,,10.0071377587438,17.7669902912621,18.1840430739109,24.3127147766323,15.9368070953437,17.470525187567,18.4032328527741,9.94274542661639,5.96710885874696,3.58915753008821,2.50385604113111,2.14773075053558,3.00433040447056,3.67145339796945,4.76977846766438,3.73861326507566,3.5596431190418,3.27428304031018,4.00343221377789,4.54940630076186,5.08530638810939,5.37527374079236,
Ghana,GHA,Interest payments (% of expense),GC.XPN.INTP.ZS,,,,,,,,,,,,,,,,,,,,,,,,,,,,,,,,,,,,,,,,,,39.1266110238665,30.6439949469595,24.9409952135882,18.5123493881729,16.0037476629801,13.4628319010912,10.6369965929695,10.9535367058226,15.6464948402951,15.5087647300686,12.7409299062471,,,24.5426538755539,24.9604385183673,,,,
Gibraltar,GIB,Interest payments (% of expense),GC.XPN.INTP.ZS,,,,,,,,,,,,,,,,,,,,,,,,,,,,,,,,,,,,,,,,,,,,,,,,,,,,,,,,,,,,
Guinea,GIN,Interest payments (% of expense),GC.XPN.INTP.ZS,,,,,,,,,,,,,,,,,,,,,,,,,,,,,,10.4082231644945,13.7012115710959,15.6634717618972,12.5613648399147,,,,,,,,,,,,,,,,,,,,,,,,,,,
"Gambia, The",GMB,Interest payments (% of expense),GC.XPN.INTP.ZS,,,,,,,,,,,,,,,,,,,,,,,,,,,,,,,21.3944158055562,,,,,,,,,,,25.1218886322812,28.9916295079402,37.5216209537929,47.9378733572282,46.7333360882681,36.6230772288247,31.5317058072504,19.538718601912,18.0172518527518,,,,,,,,,,
Guinea-Bissau,GNB,Interest payments (% of expense),GC.XPN.INTP.ZS,,,,,,,,,,,,,,,,,,,,,,,,,,,,,,,,,,,,,,,,,,,,,,,,,,,,,,,,,,5.25725403343688,,
Equatorial Guinea,GNQ,Interest payments (% of expense),GC.XPN.INTP.ZS,,,,,,,,,,,,,,,,,,,,,,,,,,,,,,,,,,,,,,,,,,,,,,,0.418184062712178,0.33871456193072,0.434178581429554,0.130045037869463,4.07269654280121,5.28753972321887,3.85522670032635,4.22253774307329,6.23165028900944,3.91740980939997,7.24684229763876,4.11531431069214,,
Greece,GRC,Interest payments (% of expense),GC.XPN.INTP.ZS,,,,,,,,,,,,,5.76757884402995,5.20932900019116,5.63787495482473,5.92904683397449,6.28545495802134,5.50197686878765,5.8800195288661,7.70738241714628,9.01479638096342,8.99147200593252,4.22069997884769,7.22899655082705,10.5605780203277,12.0464712623286,13.8243863854654,14.6785594958105,16.0253215303436,14.6611850394661,20.8690484353929,,,,,,,19.9839667824621,18.2873485868102,18.3192044926137,15.8840052875083,14.8415967297389,13.5804806991988,12.0218143123171,11.2586872586873,11.2352590549433,10.7513850415512,10.5442873728061,10.5395374892775,10.1516756588078,12.008020524136,13.9344409358404,9.52529698518624,6.97236006764437,8.4180790960452,7.23200566002277,7.0100720107245,6.93453157233301,7.37803105192766,
Grenada,GRD,Interest payments (% of expense),GC.XPN.INTP.ZS,,,,,,,,,,,,,,,,,,,,,,,,,,,,,,,,,,,,,,,,,,,,,,,,,,,,,,,,,,,,
Greenland,GRL,Interest payments (% of expense),GC.XPN.INTP.ZS,,,,,,,,,,,,,,,,,,,,,,,,,,,,,,,,,,,,,,,,,,,,,,,,,,,,,,,,,,,,
Guatemala,GTM,Interest payments (% of expense),GC.XPN.INTP.ZS,,,,,,,,,,,,,,,,,,,,,,,,,,,,,,,12.4101264691709,19.4995310370558,10.2012254868933,10.4441685733051,11.2065985833683,12.4097924216317,12.7770210090638,8.16615778620741,10.826275251487,10.7423456193218,10.2108549201923,10.8933083528074,10.5569763795307,8.84079818780098,10.5562907265262,10.7599575404997,10.4602832254936,11.7494625601457,11.4620492123421,11.2313542971615,11.4662575032832,11.5013305604329,11.5197196718168,11.8719963686336,11.6657840976002,13.1724849766475,12.5004009516011,,,
Guam,GUM,Interest payments (% of expense),GC.XPN.INTP.ZS,,,,,,,,,,,,,,,,,,,,,,,,,,,,,,,,,,,,,,,,,,,,,,,,,,,,,,,,,,,,
Guyana,GUY,Interest payments (% of expense),GC.XPN.INTP.ZS,,,,,,,,,,,,,,,,,,,,,,,,,,,,,,,,,,,,,,,,,,,,,,,,,,,,,,,,,,,,
High income,HIC,Interest payments (% of expense),GC.XPN.INTP.ZS,,,,,,,,,,,,,,,,,,,,,,,,,,,,,,,,,,,,,,,,,,,,,,,,,,,,,,,,,,,,
"Hong Kong SAR, China",HKG,Interest payments (% of expense),GC.XPN.INTP.ZS,,,,,,,,,,,,,,,,,,,,,,,,,,,,,,,,,,,,,,,,,,,,,,,,,,,,,,,,,,,,
Honduras,HND,Interest payments (% of expense),GC.XPN.INTP.ZS,,,,,,,,,,,,,6.05200945626478,7.08661417322835,6.71506352087114,5.68224299065421,4.96307237813885,,,,,,,,,,,,,,,,,,,,,,,,,,,6.8774579098638,6.91969271862271,6.21675850421139,4.39059370681731,2.73700480714274,2.80960751295444,2.72759266146408,3.75226199149256,5.39319355727578,6.52296849348506,8.64428773617783,7.52992354437527,8.17247817292363,,,,
Heavily indebted poor countries (HIPC),HPC,Interest payments (% of expense),GC.XPN.INTP.ZS,,,,,,,,,,,,,,,,,,,,,,,,,,,,,,,,,,,,,,,,,,,,,,,,,,,5.87412230461884,,5.21994607059277,,5.49773739553093,6.77518869240348,6.43414970766093,,,
Croatia,HRV,Interest payments (% of expense),GC.XPN.INTP.ZS,,,,,,,,,,,,,,,,,,,,,,,,,,,,,,,,0.372856077554064,6.51546015627375,2.79996656406135,3.46115127776849,3.35111843161808,2.71577268009417,3.48057156539139,3.41509846133723,3.4861414374253,3.96425913461256,4.54038997214485,4.05600391626018,4.38186110441363,4.80235880623734,4.91212633328205,4.76387548751023,4.85100803035134,5.1507147420172,5.71976452761141,5.78266657993644,6.47132786889623,7.66403559633217,7.94010619263033,8.25944213640544,8.42232996664362,7.69664858406873,6.88796594090135,,
Haiti,HTI,Interest payments (% of expense),GC.XPN.INTP.ZS,,,,,,,,,,,,,,,,,,,,,,,,,,,,,,,,,,,,,,,,,,,,,,,,,,,,,,,,,,,,
Hungary,HUN,Interest payments (% of expense),GC.XPN.INTP.ZS,,,,,,,,,,,,,,,,,,,,,,3.20404721753794,3.24942791762014,1.87978142076503,2.63704318936877,2.16796875,3.75516956162117,3.69313916829305,5.47762191048764,6.00706713780919,5.92948717948718,6.95658902731564,10.0565402452195,8.54255147572711,12.4687526937333,16.5158401453957,19.2546337631121,19.1184658895434,15.761463245946,15.0627606026259,12.6305286329976,11.3321190011582,9.19227234854269,9.29273026821909,10.1751879334871,9.55563633054384,8.85936468500648,9.22542849190519,8.74690412021377,9.6272605293478,9.10927364763518,8.82687086235675,10.0247595010707,9.66366977525521,9.05148237394267,8.20532378627882,7.37442937404345,6.57733682666031,,
IBRD only,IBD,Interest payments (% of expense),GC.XPN.INTP.ZS,,,,,,,,,,,,,,,,,,,,,,,,,,,,,,,,16.3974620524434,14.1053043320192,12.2862556059189,11.4219976880383,,,13.1656347635015,13.8712323149477,12.5864395344915,12.2504574100427,11.2901735108756,12.1343155444844,12.5691941140716,11.9024940900171,9.87917302723584,9.51565373302058,8.1447128773168,7.70445653859639,7.29864821592133,,,,,,,,,,
IDA & IBRD total,IBT,Interest payments (% of expense),GC.XPN.INTP.ZS,,,,,,,,,,,,,,,,,,,,,,,,,,,,,,,,,,,,,,,,,,,,,,,9.40017276319893,7.80664623169367,6.86785082454175,7.02298713851315,6.40945155849362,5.47446985564139,5.8993666983351,6.0455204762043,6.77905216948004,7.00630062146182,7.69664858406873,7.8884757710924,,
IDA total,IDA,Interest payments (% of expense),GC.XPN.INTP.ZS,,,,,,,,,,,,,,,,,,,,,,,,,,,,,,,,,,,,,,,,,,,,,,,,,,,,,4.52233825172704,,5.44876095153766,5.50807960800169,6.04788321684451,,,
IDA blend,IDB,Interest payments (% of expense),GC.XPN.INTP.ZS,,,,,,,,,,,,,,,,,,,,,,,,,,,,,,,,,,,,,,,,,,,,,,,,,,,,,,,,,,,,
Indonesia,IDN,Interest payments (% of expense),GC.XPN.INTP.ZS,,,,,,,,,,,,,3.57142857142857,3.79581151832461,2.47000705716302,2.32419547079857,4.55455455455455,5.27218174024861,8.43672456575682,9.83760884914097,6.51502843216897,6.24327233584499,8.40959683403413,12.1196754563895,13.6193518941123,12.5222368319282,16.804206042859,23.145340610471,27.5790792358284,24.8941006302304,20.2194357366771,17.848200312989,17.696907961752,17.9626137528385,19.8223456660727,16.1538810095609,11.643624635344,13.3392686929919,24.3575410289472,23.8950422381485,,,28.3371665069123,19.9615883893901,16.1488007878779,,,,9.67754408179092,10.8856070999928,9.18903857210735,7.9256473667661,7.47214189606084,7.70126454637124,7.91911752117844,9.32625706789409,9.90662792164312,11.1405312072738,,
IDA only,IDX,Interest payments (% of expense),GC.XPN.INTP.ZS,,,,,,,,,,,,,,,,,,,,,,,,,,,,,,,,,,,,,,,,,,,,,,,,,,,,,,,5.49773739553093,6.76971790635817,6.40973568387808,,,
Isle of Man,IMN,Interest payments (% of expense),GC.XPN.INTP.ZS,,,,,,,,,,,,,,,,,,,,,,,,,,,,,,,,,,,,,,,,,,,,,,,,,,,,,,,,,,,,
India,IND,Interest payments (% of expense),GC.XPN.INTP.ZS,,,,,,,,,,,,,,,11.3098672821696,11.1639781826622,12.2451070806435,12.2620790629575,13.1674279414081,12.4211356466877,13.0970366066241,14.0574917323836,15.2122182321637,16.3699234844026,17.0342434756374,17.3294551853934,17.7093358999038,18.7570106561974,20.030014256772,20.9750710804224,22.3617245476762,24.5658765159868,25.2507256704848,25.9968342503957,27.6258005184627,27.4408421837153,28.1390020366599,27.1387659925346,28.6779507021845,29.5148856945808,29.6480827255773,29.2710304262904,28.6908516561786,27.6162102393284,25.6445936669826,23.3823470709695,22.5783590403803,22.2020494199465,19.7338835319382,19.3722386891113,18.2806647197003,18.1969064998262,19.457832074744,19.4875635997881,21.2355969489067,20.7148895559531,20.2523378173288,20.5273144542127,,
Not classified,INX,Interest payments (% of expense),GC.XPN.INTP.ZS,,,,,,,,,,,,,,,,,,,,,,,,,,,,,,,,,,,,,,,,,,,,,,,,,,,,,,,,,,,,
Ireland,IRL,Interest payments (% of expense),GC.XPN.INTP.ZS,,,,,,,,,,,,,10.7586206896552,10.9714285714286,10.5164319248826,10.9176155391829,12.4327233584499,13.4606639381537,14.142910033321,14.3419062027231,14.0947467166979,15.2695716395864,17.1548723897912,17.3616473616474,18.1752873563219,19.5447154471544,18.6888657648284,18.5185185185185,18.9003436426117,19.8829208175004,20.9948381041765,19.5663531870429,17.9485103626944,16.7914358436892,15.5469301340861,13.6707218135228,12.3269584418137,11.0551577245081,10.6358308470681,7.9309390797374,6.89762420272298,4.84732621560585,4.34633755239937,3.99448402241062,3.61095747137132,3.30855373050956,3.21137337295631,3.13053341395229,3.43590627143759,4.54585272862874,4.52711708992067,7.65277902636687,10.5244131754899,11.369561895358,11.1513529350276,9.60995279672778,8.83032701467947,8.10364441905262,6.93133256836927,
"Iran, Islamic Rep.",IRN,Interest payments (% of expense),GC.XPN.INTP.ZS,,,,,,,,,,,,,5.59673832468495,5.60069645966338,2.73826802128689,2.76091476091476,1.91177511860086,2.40774501791664,0.577891008513018,2.24283203006607,1.91058670707945,0.956127910700398,0.682635709614127,0.378869885256549,0.2277739614592,0.33109156751164,0.164762348221641,0.125551200391965,0.114467725078386,0.07591155079952,0.053844497092397,0.042241622078288,0.030051086847641,0.095292548122737,0.087509211495947,0.023839525933999,0.028425914959138,0.1725745343463,0.723938223938224,7.36464449081393E-05,7.65930942338625E-05,8.87716245747646E-05,0.974478736004648,1.0274871199679,1.00952430294861,1.08154828859303,1.07760337700475,1.41594572003427,1.12382689910617,0.731057191987592,,,,,,,,,,
Iraq,IRQ,Interest payments (% of expense),GC.XPN.INTP.ZS,,,,,,,,,,,,,,,,,,,,,,,,,,,,,,,,,,,,,,,,,,,,,,,,,,,,,,,1.03917980473628,1.2460115564307,2.68143606298037,,,
Iceland,ISL,Interest payments (% of expense),GC.XPN.INTP.ZS,,,,,,,,,,,,,3.30383480825959,3.97404703974047,3.83763837638376,6.9249649368864,6.19249306265518,6.5762849048968,8.1076032131515,8.45399911265276,6.54548396666577,7.18865556196357,8.08409954131297,9.22868040180055,11.5159083247473,11.547152128281,9.87511533029284,7.6051357446637,9.11056700602986,9.50787574298765,10.2499103020163,10.3700562824764,10.161029629957,10.7304938444968,11.0134208154026,11.8391471853054,10.7030637621553,10.6873093679679,10.6497210904741,10.3815155855882,9.44463868568267,9.15093418905364,7.67996197324097,6.73825275256626,6.24992318557701,5.81566225253887,5.89369467651465,7.18185038302895,6.2971457393638,16.093883192308,12.720302333737,12.7929288450605,14.1323653157518,13.7300444266596,13.2384816603374,13.6187560437519,10.4869950396779,11.5167656280046,7.90832411961639,
Israel,ISR,Interest payments (% of expense),GC.XPN.INTP.ZS,,,,,,,,,,,,,14.2857142857143,8,11.4285714285714,7.69230769230769,8.33333333333333,15.8878504672897,13.8364779874214,10.1190476190476,10.9452736318408,16.9371196754564,18.8726608854404,29.942798474626,27.1131079942655,25.1372887377557,25.1405007896691,26.6277915632754,20.2650014264431,19.9573957879173,18.252310401026,18.2246901986403,15.3228026479649,15.5957978515509,14.65371494883,13.8285816776592,12.8205478796497,12.0810422182314,12.7196041128524,11.8189166507921,12.9493437670525,12.8426502267183,17.7460521693425,11.8790065841037,13.1712051870245,13.8247915703741,12.3854309233782,12.418440190602,13.5669836395993,12.625361195,10.6075663544186,10.6517125298436,9.41425990620404,9.18529731880514,6.64955846288923,5.80715899105359,5.90896537134715,5.93421278203844,6.4411288254638,
Italy,ITA,Interest payments (% of expense),GC.XPN.INTP.ZS,,,,,,,,,,,,,,6.53913937435744,7.60847511666326,9.11534542932085,11.1534693150441,11.8693020202757,10.0111467955722,9.78429208272369,10.627339042182,,,,,,16.6283044822467,14.816203515903,17.6819148568794,18.9239046330222,21.0069328139578,21.1887275582001,22.3703380714159,22.9977745129035,22.3271874950042,23.1543602534109,23.2690103763358,20.2285388156181,19.0275083740412,15.9066924302052,15.6051749162752,15.0322400759645,13.8038910865182,12.5682306526848,11.7809587338385,11.4053446216083,11.0128716673066,11.7206305657636,11.8180752732699,9.76708262929415,9.90940835567987,10.8864882454886,11.8258666772462,11.0090692124105,10.4793630419375,9.48233602638842,9.14632856258278,8.90375880042144,,
Jamaica,JAM,Interest payments (% of expense),GC.XPN.INTP.ZS,,,,,,,,,,,,,,,,,,,,,,,,,,,,,36.7066427848298,38.2005995828989,39.1700133868809,38.9194371598567,42.1084555106942,38.929730028026,43.579144595714,40.4375201403643,42.4761789064174,34.062731348472,40.8163184425822,44.848823332134,44.8110364164471,44.8777612886538,44.032027218073,50.8921429412915,49.2532132231713,45.9275185896998,43.5704116593105,40.2262968642249,40.4015487181458,48.7581604897747,38.5248301044021,34.4778522320603,35.1121199143137,30.6821001276037,31.445153122307,29.3662947780011,30.2028490870072,26.7555873993556,,
Jordan,JOR,Interest payments (% of expense),GC.XPN.INTP.ZS,,,,,,,,,,,,,,,,,,,,,,,,,,,,,,,21.3879672099151,21.0311252247414,17.4788218793829,12.1255803318454,10.0719027057881,10.767433180247,10.841525729188,13.7573457897837,11.793865214755,12.5994737828805,12.8528399311532,12.1844849571744,9.17567006025348,8.01545532650082,6.19558194628188,6.50889433653907,7.60686156186903,7.80664623169367,7.71130569673219,7.7059100911663,7.8631903782244,7.10257809528534,8.98942239491782,11.4737498052656,12.8766704212034,12.9879347054649,11.4037602916479,11.3381718009165,,
Japan,JPN,Interest payments (% of expense),GC.XPN.INTP.ZS,,,,,,,,,,,,,4.625529910504,4.85622514530437,4.72675250357654,5.76524058887462,7.52787325006287,9.11672718122012,10.232927313246,11.8286806471586,14.1217600964436,15.8449061215421,16.7397893219728,18.9955578994341,20.4221447806114,21.1812433338412,21.449076732169,21.435584160576,21.097318595488,19.6450863581057,20.4800225450902,,,,15.1114472176138,14.6586512646556,14.4375773488664,14.5562623786445,10.6819319656364,12.3407560338009,11.8798819839397,11.3463559051461,10.5988605540881,10.1146722980727,9.9095852633739,9.4210535494946,10.2932253784589,11.5224415325925,10.8675865991018,9.26936204456531,9.68895770564526,9.22374133000319,9.32804207738352,9.25881984555993,9.44163103521902,9.48085520646733,9.35202497016999,9.08378882257843,,
Kazakhstan,KAZ,Interest payments (% of expense),GC.XPN.INTP.ZS,,,,,,,,,,,,,,,,,,,,,,,,,,,,,,,,,,,,,,2.96713465220166,4.75670617592015,7.48723686971117,9.82723841784201,8.41460728484808,8.00134080874172,5.36133667655703,4.13105985892022,,,,,,2.3615950911933,2.59492342361087,2.34862782716403,2.94591543656814,3.31840312490705,4.07392953490799,6.82078180755673,3.96899772894488,6.43812969337012,
Kenya,KEN,Interest payments (% of expense),GC.XPN.INTP.ZS,,,,,,,,,,,,,,,,,,,,,,,,,,,,,,,,,,,,,,,,,,,,,,,,,,,,,,,10.7286476408265,11.780333751532,12.9460139305616,11.1448370487192,,
Kyrgyz Republic,KGZ,Interest payments (% of expense),GC.XPN.INTP.ZS,,,,,,,,,,,,,,,,,,,,,,,,,,,,,,,,,,,,,,,,,,,,,,,,,,,,,,,2.94204766186272,3.49353691407366,3.98022622122342,3.33658497345701,4.0151097076026,
Cambodia,KHM,Interest payments (% of expense),GC.XPN.INTP.ZS,,,,,,,,,,,,,,,,,,,,,,,,,,,,,,,,,,,,,,,,,,,1.75496637011519,1.97763354431433,2.77128213907428,2.82529780006935,1.9498988545224,2.42603770604235,2.11721342964355,1.82806263266975,2.18482004081431,2.4196151694002,2.80927366861321,2.80824131858854,2.71836420885142,2.51961744428801,2.76124550006628,2.24537061535518,2.2987485828682,
Kiribati,KIR,Interest payments (% of expense),GC.XPN.INTP.ZS,,,,,,,,,,,,,,,,,,,,,,,,,,,,,,,,,,,,,,,,,,,,,,,,,,,,3.44083080222623,5.17284613427078,1.46076138014835,0.142312966505559,0.111165037869973,0.087963300519414,0.162109512509121,,
St. Kitts and Nevis,KNA,Interest payments (% of expense),GC.XPN.INTP.ZS,,,,,,,,,,,,,,,,,,,,,,,,,,,,,,,12.2464822901504,13.6759667156143,12.8116469517743,10.6867753182518,8.36974330966685,,,,,,14.4357844798373,17.0684039087948,9.55041984495216,10.2168352837133,9.56668425290867,11.6277621007942,12.1258678333596,11.9507275776801,23.9256173579139,22.5877389619109,24.7161127249406,21.13729577086,21.3464846466347,14.4582396803311,12.5321584769745,7.40932074703737,25.6269748640724,6.23930056248471,,
"Korea, Rep.",KOR,Interest payments (% of expense),GC.XPN.INTP.ZS,,,,,,,,,,,,,2.57186081694402,3.36,3.17297850562948,3.35846470185058,4.45920303605313,5.20710059171598,5.55393159894768,6.00379186854856,7.27821566325675,7.67149235556758,7.15147526598662,7.12286158631415,7.95950589765023,8.11075716736094,8.31500219973603,7.36220216840875,6.49103139013453,3.74511157119853,4.74560974692588,3.89549436795995,4.01406938030287,2.91186998161943,3.72526667209511,3.40697878309662,3.01977305575202,3.19210597000155,4.14181307667875,6.70089084160655,6.8682012448524,6.23383824037868,5.65022901339341,4.55402436843262,5.58448993428754,5.91640335005548,6.51276652540601,6.84616918697866,6.79023011334359,4.95101241380645,5.74190295327492,5.78261317906771,5.68337049575897,5.62652833766767,5.67320335689238,5.33072393083659,4.80089176961271,4.41334203152946,,
Kuwait,KWT,Interest payments (% of expense),GC.XPN.INTP.ZS,,,,,,,,,,,,,,,,,,,,,,,,,,,,,,,,,,8.09929789368104,10.8311688311688,4.72650026553372,5.07743082000508,4.29587482219061,3.64427522436769,,,1.31041890440387,0.645833333333333,0.333889816360601,0.210390030749312,0.193251077746395,0.127663753314347,0.052460392403735,,,,,,,,,,,,
Latin America & Caribbean (excluding high income),LAC,Interest payments (% of expense),GC.XPN.INTP.ZS,,,,,,,,,,,,,,,,,,,,,,,,,,,,,,,12.5975232077695,18.2849229721546,14.190512328769,14.2359598461588,14.3030417600875,16.7635269069819,12.7770210090638,13.6884843782498,15.0778179419687,14.2672923860056,13.2865235905853,12.3089334804224,13.12124960754,14.7319578136693,12.4278857248604,10.7599575404997,11.1029592471319,10.1459802158589,10.2198730742099,10.6633631680068,,,,,,,,,,
Lao PDR,LAO,Interest payments (% of expense),GC.XPN.INTP.ZS,,,,,,,,,,,,,,,,,,,,,,,,,,,,,,,,,,,,,,,,,,,,,,,,,,,,,,,,,,,,
Lebanon,LBN,Interest payments (% of expense),GC.XPN.INTP.ZS,,,,,,,,,,,,,,,,,,,,,,,,,,,,,,,,,,,,,,,48.9734802336147,49.259208916678,50.1820151406366,53.0051175746583,53.3374868675023,53.5690371168814,45.8001985169615,39.1832318366559,41.1697988805068,39.7298012989463,36.9673110887334,37.6536155505768,39.34821362996,35.5907454495103,30.6880282521777,30.2897628779084,33.5643260649813,39.0014748250815,36.0542734380182,36.2093723625559,,
Liberia,LBR,Interest payments (% of expense),GC.XPN.INTP.ZS,,,,,,,,,,,,,,,,,,,,,,,,,,,,,,,,,,,,,,,,,,,,,,1.28507149968516,1.91038968658468,1.2817600872636,2.46149961604707,,4.95972090840558,5.47446985564139,0.780747077580369,,,,,,,
Libya,LBY,Interest payments (% of expense),GC.XPN.INTP.ZS,,,,,,,,,,,,,,,,,,,,,,,,,,,,,,,,,,,,,,,,,,,,,,,,,,,,,,,,,,,,
St. Lucia,LCA,Interest payments (% of expense),GC.XPN.INTP.ZS,,,,,,,,,,,,,,,,,,,,,,,,,,,,,,,,,,,,,,,,,7.54734393533485,10.169064595694,10.79234804225,10.9996635139856,12.6214356716588,14.578362597633,16.3229994416348,16.8063824528419,12.4952330807956,13.5756176195587,12.8355024973534,13.4431567863422,14.9153279371815,15.8983449172421,16.5934667680728,16.751509144968,16.2847013907827,16.0689480995075,,
Latin America & Caribbean,LCN,Interest payments (% of expense),GC.XPN.INTP.ZS,,,,,,,,,,,,,,,,,,,,,,,,,,,,,,,11.487761022936,14.3166587704162,11.2112539595856,12.2126786167069,12.7947059979061,,,12.3914876113108,13.6521111279782,11.8929119400957,12.9670353044932,12.1614885195885,13.1298558209064,16.4796317372313,12.5463918075065,10.802980783847,10.7816212363127,9.84076103583542,9.87356087363538,9.3618600907891,,,,,,,,,,
Least developed countries: UN classification,LDC,Interest payments (% of expense),GC.XPN.INTP.ZS,,,,,,,,,,,,,,,,,,,,,,,,,,,,,,,,,,,,,,,,,,,,,,,,,,,,,5.05605164694212,,,6.53860597729982,7.58242982931784,,,
Low income,LIC,Interest payments (% of expense),GC.XPN.INTP.ZS,,,,,,,,,,,,,,,,,,,,,,,,,,,,,,,,,,,,,,,,,,,,,,,,,,,,,,,,,,,,
Liechtenstein,LIE,Interest payments (% of expense),GC.XPN.INTP.ZS,,,,,,,,,,,,,,,,,,,,,,,,,,,,,,,,,,,,,,,,,,,,,,,,,,,,,,,,,,,,
Sri Lanka,LKA,Interest payments (% of expense),GC.XPN.INTP.ZS,,,,,,,,,,,,,,,,,,,,,,,,,,,,,,,26.0712708924629,23.2376721270055,25.4358612304132,25.3525570796266,27.0242807097329,22.0581446344898,25.5007844711205,27.179431675063,24.7776027585833,26.4715908606687,24.6269637582407,28.1388278049465,32.1543097786192,33.5276874186098,27.660979687601,24.2567571659571,24.2615823281799,25.4639961305197,25.0746131269538,30.5580910222113,32.6264097448672,30.582085843309,30.1576919101688,31.5581221791819,28.5141841572252,25.7857561439615,30.4440187845948,33.3483558347105,36.3173174082839,
Lower middle income,LMC,Interest payments (% of expense),GC.XPN.INTP.ZS,,,,,,,,,,,,,,,,,,,,,,,,,,,,,,,,,,,,,,,,,,,,,,,,,,,,,,,,,,,,
Low & middle income,LMY,Interest payments (% of expense),GC.XPN.INTP.ZS,,,,,,,,,,,,,,,,,,,,,,,,,,,,,,,,,,,,,,,,,,,,,,,,,7.44789732019334,7.02298713851315,6.25632897064622,5.33871047331093,5.37271822922357,5.8920941296689,6.77905216948004,7.00630062146182,8.04420499031364,8.32576662136964,,
Lesotho,LSO,Interest payments (% of expense),GC.XPN.INTP.ZS,,,,,,,,,,,,,,,,,,,,,,,,,,,,9.32386568027902,10.9369002646411,21.7187513923419,,11.2962572068458,9.47086287489362,8.01085885036754,6.32765985254984,7.20132868659457,2.3851346270601,3.54621610185905,6.55802286707831,4.7967722612222,7.80188826881068,6.17295282975689,7.58305156746826,7.56754937918503,4.97058355859437,3.29615029774386,7.05325976804414,6.23181031851023,1.75213675213675,1.64341206121548,1.35366221672966,1.81946698780041,2.01597565614302,1.94568883330429,1.72177733124514,2.31974431571451,1.95599990493318,2.70288120201436,,
Late-demographic dividend,LTE,Interest payments (% of expense),GC.XPN.INTP.ZS,,,,,,,,,,,,,,,,,,,,,,,,,,,,,,,,,,,,,,,,,,,,,,,,,,,,,,,,,,,,
Lithuania,LTU,Interest payments (% of expense),GC.XPN.INTP.ZS,,,,,,,,,,,,,,,,,,,,,,,,,,,,,,,,,,0.01808154778049,0.466614257094312,,,,,,,,,,2.9912189159426,2.52385301168439,2.25622771119222,2.06917263335438,1.75065142439293,2.83186600899994,4.60455637456698,4.61816743342472,5.96888177891934,5.55926413232786,5.41472923966355,5.23900863260163,4.73562198192617,4.22146356035088,,
Luxembourg,LUX,Interest payments (% of expense),GC.XPN.INTP.ZS,,,,,,,,,,,,,3.45311039567972,3.16879407301616,2.68180629738916,2.09796348314607,1.99915036109654,2.07380978927417,2.27483947279487,2.19819615834561,2.07782910324374,2.04896261781535,0.977780146000963,1.0293598744327,1.30477253698019,1.55643364193985,1.52253879807588,1.6161453726783,1.20089482108258,0.993335734870317,0.630067895247332,0.437681200016808,0.279941206247751,0.481711253965134,0.448013305267534,1.22469708440529,1.29064220291381,1.1087194184361,1.20191359803306,1.05020664620907,0.876268705474454,0.789127383458262,0.687460335582603,0.549571557303024,0.421987880631183,0.432555202923119,0.500361893892906,0.667020644748012,0.801880401166625,0.868150066231218,0.969051141501788,1.12366683179882,1.22184413872594,1.30546085003384,1.05981953084629,0.906860922846211,0.841149335531358,0.866166719784035,,
Latvia,LVA,Interest payments (% of expense),GC.XPN.INTP.ZS,,,,,,,,,,,,,,,,,,,,,,,,,,,,,,,,,,,1.60453391233945,3.19764377756933,4.05474343050684,2.4088254365338,2.0266624502179,1.80201868210144,2.93206395935471,3.00567947529212,2.55324184491212,2.49525355270116,2.42067630944583,1.82169150775269,1.58869226674959,1.47264649228219,1.59363706896909,3.52051778477052,4.20831231750541,5.13760848061546,5.21347779021443,4.74484989889017,4.57859563758252,4.38279356560807,3.73758864112863,3.32299652113003,,
"Macao SAR, China",MAC,Interest payments (% of expense),GC.XPN.INTP.ZS,,,,,,,,,,,,,,,,,,,,,,,,,,,,,,,,,,,,,0.055593226049638,0.002452062184297,0.01386977873407,,,,,,,,,,,,,,,,,,,,,
St. Martin (French part),MAF,Interest payments (% of expense),GC.XPN.INTP.ZS,,,,,,,,,,,,,,,,,,,,,,,,,,,,,,,,,,,,,,,,,,,,,,,,,,,,,,,,,,,,
Morocco,MAR,Interest payments (% of expense),GC.XPN.INTP.ZS,,,,,,,,,,,,,,,,,,,,,,,,,,,,,,,24.1585365853659,25.1857324631614,24.4518652800305,23.9221118072444,23.8725600179493,22.1632320098426,,21.1044141109732,19.6034646890829,18.9443012439762,,,15.0358468222074,15.0073356126332,14.036983884623,11.2232594440657,12.1261912571048,11.5748134628361,9.46281003245912,8.93843135116419,8.2667885352648,7.56549337301579,7.95827489918154,9.00062877686101,9.73658746624792,10.9763141297912,10.8772384237529,10.3921149476205,9.98582071583972,
Monaco,MCO,Interest payments (% of expense),GC.XPN.INTP.ZS,,,,,,,,,,,,,,,,,,,,,,,,,,,,,,,,,,,,,,,,,,,,,,,,,,,,,,,,,,,,
Moldova,MDA,Interest payments (% of expense),GC.XPN.INTP.ZS,,,,,,,,,,,,,,,,,,,,,,,,,,,,,,,,,,,,,,11.0647242577293,14.0762463343109,24.5935129991884,22.0277531993871,18.7819531157969,,9.44426336375489,8.84966901069702,4.26220003804727,3.00527290065631,3.52151717447044,3.4986157777099,3.62883404892096,2.17787287522172,2.45113638886628,2.26814018631152,1.51909508067302,1.52704847179037,2.50964600833261,4.11926828290735,4.02331814247427,2.86473602851029,
Madagascar,MDG,Interest payments (% of expense),GC.XPN.INTP.ZS,,,,,,,,,,,,,,,,,,,,,,,,,,,,,,,,,,,,,,,,,,,,14.8745406167244,23.3045651006557,23.9167489010496,20.7822533566842,10.0684562924941,7.33127274465459,8.84228374969205,9.1480831344781,7.4518015170259,7.04252351150985,5.30933137443029,5.44876095153766,7.01177140750714,8.36885748394117,7.27384158442229,7.80229456608913,
Maldives,MDV,Interest payments (% of expense),GC.XPN.INTP.ZS,,,,,,,,,,,,,,,,,,,,,,,,,,,,,,,3.66784037558685,4.99883747965589,3.97338754389207,5.04721589058938,8.10810810810811,8.71199180047831,8.47812434582374,7.36886632825719,6.28707912782187,6.38628275638952,5.67194413348259,5.90950593486862,6.47103441736987,5.76373790339771,4.97112729098669,3.33598949023324,3.54506223474446,3.57159189646499,3.75174188015865,7.04970963730333,8.01841458929059,7.99714099366734,,,6.86455284530586,,,,,
Middle East & North Africa,MEA,Interest payments (% of expense),GC.XPN.INTP.ZS,,,,,,,,,,,,,,,,,,,,,,,,,,,,,,,,,,,,,,,,,,,,,,,,,,,,,,,,,,,,
Mexico,MEX,Interest payments (% of expense),GC.XPN.INTP.ZS,,,,,,,,,,,,,8.7719298245614,9.72222222222222,10.4761904761905,10.1449275362319,11.1111111111111,13.3333333333333,13.8513513513514,13.1188118811881,14.6198830409357,20.7872078720787,18.241469816273,40.6234161175874,39.1575663026521,42.3853923853924,56.5387054290035,63.9849569942779,62.2043317184383,54.4512750455373,47.8337811097347,33.2191307286946,25.264847084518,17.9357470918749,14.654068317071,19.2488279959184,19.8088906670467,14.6051030799006,15.4441758151698,16.8822334064109,13.3324614762896,,,,,,,,11.0957743591796,11.4551176989766,10.9808598734044,10.1107158294559,10.2794816169468,10.4733380731093,10.5750010754638,9.97537667081422,11.0357176857622,13.3363748194504,13.3810871048117,
Marshall Islands,MHL,Interest payments (% of expense),GC.XPN.INTP.ZS,,,,,,,,,,,,,,,,,,,,,,,,,,,,,,,,,,,,,,,,,,,,,,,,,1.53624360435795,1.05945050393744,1.05915068841556,1.59909358627927,1.52314248079139,1.17360053283251,0.823015531604443,0.723640403762906,0.673771996861343,0.497266899233584,0.499833668631911,
Middle income,MIC,Interest payments (% of expense),GC.XPN.INTP.ZS,,,,,,,,,,,,,,,,,,,,,,,,,,,,,,,,,,,,,,,,,,,14.2755902024184,13.9214745549587,12.0489987119917,10.0328721053237,9.55118396469663,7.85031947047869,7.71130569673219,7.21257571034795,,,,,,,,,,
North Macedonia,MKD,Interest payments (% of expense),GC.XPN.INTP.ZS,,,,,,,,,,,,,,,,,,,,,,,,,,,,,,,,,,,,,,,,,,,,,,2.9394403732464,3.17231402007901,2.67158999304666,2.08750808652981,1.88163767892874,2.4124957245468,2.58011283812412,3.07550899819817,3.24859840685699,3.40099988080007,4.01189736865341,4.15808051187906,4.84717245452031,4.18032323157896,
Mali,MLI,Interest payments (% of expense),GC.XPN.INTP.ZS,,,,,,,,,,,,,,,,,,,,,,,,,,,,,,,,,,,,,,,,,7.99200799200799,5.21855374574205,5.8003348106868,5.31187496429924,4.47398778058461,4.41432046442897,3.16412821879205,2.7483313702395,2.67683914998516,2.49687025132727,2.8295383268045,4.07652045863189,3.53066597513098,4.4478718691744,4.53699968284958,5.45248179047396,4.31809300508011,6.67622546823192,,
Malta,MLT,Interest payments (% of expense),GC.XPN.INTP.ZS,,,,,,,,,,,,,5.35196414447666,4.78749389350269,3.61894624800425,3.03551869816931,3.0045351473923,2.57637099742364,2.37415820111859,,2.00806981326828,1.55159613956941,1.33333333333333,1.40646976090014,1.5167571863823,1.58126107210813,1.62063311893051,1.44910530947492,1.74830852503383,2.49506903353057,2.45686003477951,3.61450547712263,3.82923951517752,4.22680081000289,5.20256484989799,4.74770458106641,4.96310345755671,6.26956660073179,7.54691152016093,10.0424954459433,10.8351945231133,9.42559610339011,9.99309335090427,8.49980053247644,9.24645194109935,9.53952790269247,9.29278108590353,8.88594415190036,8.03027361194169,8.02372135979902,7.74950008276035,8.02648567084107,7.51056798929459,7.20949843284329,7.07764461845121,6.5065640574036,5.9815582827549,5.31182469825542,,
Myanmar,MMR,Interest payments (% of expense),GC.XPN.INTP.ZS,,,,,,,,,,,,,,,,,,,,,,,,,,,,,,,,,,,,,,,,,,,,,,,,,,,,,12.6227645525108,9.44711968595883,8.17428112358236,7.00082983541651,8.42880620811524,8.74538472079758,,
Middle East & North Africa (excluding high income),MNA,Interest payments (% of expense),GC.XPN.INTP.ZS,,,,,,,,,,,,,,,,,,,,,,,,,,,,,,,,,,,,,,,,,,,,,,,,,,,,,,,,,,,,
Montenegro,MNE,Interest payments (% of expense),GC.XPN.INTP.ZS,,,,,,,,,,,,,,,,,,,,,,,,,,,,,,,,,,,,,,,,,,,,,,,,,,,,,,,,,,,,
Mongolia,MNG,Interest payments (% of expense),GC.XPN.INTP.ZS,,,,,,,,,,,,,,,,,,,,,,,,,,,,,,,,,0.662605535962381,6.09027298117061,3.13494033500653,2.36451388066964,3.99934920328246,11.9026830437152,6.39198898370026,8.46468155905165,6.63767026567466,5.35925480651751,5.95767804132227,3.92244034270746,,,1.92286766097277,1.61487541400335,1.1886698793376,1.69869728976682,1.87575069642066,1.15959761289853,2.78670467537289,5.94209019520066,9.4849776066103,13.1325004958833,15.039245078118,17.4193666802714,,
Northern Mariana Islands,MNP,Interest payments (% of expense),GC.XPN.INTP.ZS,,,,,,,,,,,,,,,,,,,,,,,,,,,,,,,,,,,,,,,,,,,,,,,,,,,,,,,,,,,,
Mozambique,MOZ,Interest payments (% of expense),GC.XPN.INTP.ZS,,,,,,,,,,,,,,,,,,,,,,,,,,,,,,,,,,,,,,,,,,,,,,,,,,,3.51516847476793,3.86890134636815,3.91696890709531,,,,11.5714097788827,12.1816040143688,15.3081304224456,
Mauritania,MRT,Interest payments (% of expense),GC.XPN.INTP.ZS,,,,,,,,,,,,,,,,,,,,,,,,,,,,,,,,,,,,,,,,,,,,,,,,,,,,,,,,,,,,
Mauritius,MUS,Interest payments (% of expense),GC.XPN.INTP.ZS,,,,,,,,,,,,,,11.0725552050473,5.81634561436319,4.71422611597831,4.92007274815737,5.63889529963843,7.56084930088037,9.45803458456347,15.3151449241099,17.6207752530074,21.1083355245859,21.7552159146046,22.5398286075804,23.3732786712919,23.2182766327291,20.2515778593891,15.5358846602353,13.6052212375694,17.8783422459893,18.7110435833323,15.4222278183497,11.7037389006029,11.0376140292415,12.479515470068,13.1112676528798,13.1656347635015,13.8712323149477,12.5864395344915,12.2504574100427,12.790386686973,12.1933206100284,13.9214745549587,13.9365162140279,12.1014684310646,11.7864932241367,14.6014176382968,15.5478699851165,13.1931801266417,10.9688779821642,9.45487161240586,9.26151121771073,7.79552444741032,7.79799084918551,10.1624710698355,9.80725432848681,7.51039431177431,6.76754693927125,
Malawi,MWI,Interest payments (% of expense),GC.XPN.INTP.ZS,,,,,,,,,,,,,,,,,,,,,,,,,,,,,,,,,,,,,,,,,,,,,,,,,,8.95284566153291,11.1064490964136,9.99223830271714,9.15981314174709,8.73400723651457,17.2095085430858,15.8560915580996,17.9479328857159,21.4029829290703,17.6294449661142,
Malaysia,MYS,Interest payments (% of expense),GC.XPN.INTP.ZS,,,,,,,,,,,,,,,,,,,,,,,,,,,,,,,,,,,,,14.329396878954,13.4195246250888,14.5482035236555,14.2072494364332,15.3866806231478,14.5765832410205,14.2755902024184,14.2874561391625,12.1955033339662,12.0697725216089,11.8165794792966,10.709769014099,8.49364041871117,9.20572587091975,10.4305192821891,9.84609453028391,9.58804784718464,9.89995796309607,10.3716945273721,11.2800948514086,12.6396506050079,12.8297003925811,13.2517832223446,
North America,NAC,Interest payments (% of expense),GC.XPN.INTP.ZS,,,,,,,,,,,,,,,,,,,,,,,,,,,,,,,,,,,,,,,,,,,,,,,,,,,,,,,,,,,,
Namibia,NAM,Interest payments (% of expense),GC.XPN.INTP.ZS,,,,,,,,,,,,,,,,,,,,,,,,,,,,,,,,0.838280121931654,0.746655605102147,,,,,,,7.41849634065203,6.66831316129521,7.31418014542415,8.52806070909986,8.08825173903775,9.12248643435479,9.87917302723584,9.71574785220579,8.25226195210576,6.18104990089119,5.80671374648379,4.10008443864378,3.65274205914188,5.07512213672462,4.29670841741235,4.11295736817649,4.72787161011669,7.71955249668611,8.6279025919039,10.0159570759591,
New Caledonia,NCL,Interest payments (% of expense),GC.XPN.INTP.ZS,,,,,,,,,,,,,,,,,,,,,,,,,,,,,,,,,,,,,,,,,,,,,,,,,,,,,,,,,,,,
Niger,NER,Interest payments (% of expense),GC.XPN.INTP.ZS,,,,,,,,,,,,,,,,,5.78997087302212,9.65595759063578,7.17004069982557,13.7844794094794,10.3950103950104,,,,,,,,,,,,,,,,,,,,,,,,,,,,,,,,,,,,,,,
Nigeria,NGA,Interest payments (% of expense),GC.XPN.INTP.ZS,,,,,,,,,,,,,,,,,,,,,,,,,,,,,,,,,,,,,,,,,,,,,,,,,,,,,,,,,,,,
Nicaragua,NIC,Interest payments (% of expense),GC.XPN.INTP.ZS,,,,,,,,,,,,,,,,,,,,,,,,,,,,,,,0.007838679966294,4.95001546515089,12.221282432278,15.7695960503025,19.7168612947278,16.7635269069819,12.6369063993235,19.1827342797803,18.6154933816288,10.2109393690243,12.6934849041054,12.4563784412563,14.1671887361395,18.1485532084388,12.3880497059355,10.7580978635424,9.40017276319893,7.85031947047869,5.78231793946869,6.54193994493082,7.09795509785606,6.89128060769498,6.5302565899631,6.14895075720793,5.5467138395242,5.50807960800169,6.02346919306166,6.4178857199922,6.57270340869119,
Netherlands,NLD,Interest payments (% of expense),GC.XPN.INTP.ZS,,,,,,,,,,,,,,3.13613684960799,2.9138915318744,2.68099109562523,2.9752345532922,3.05256779275868,3.19272578108977,3.33188558664764,3.83636054999151,4.58174607316182,5.57546223305145,6.51847811264148,7.47626582278484,8.35990692062395,8.76812802133687,8.59721215051166,8.76825038315722,8.50971410519663,8.63484341745218,8.88182564908398,9.02186811323957,9.33036299305468,9.25943621595794,9.15747661772358,9.9909883270674,9.51933468026124,9.36588110597872,8.84052180640906,7.63343037360505,6.70162941357938,6.0528061988955,5.54214284620528,5.45775981815886,5.19946167942116,4.62361517498893,4.56991835055877,4.75748933052401,4.41024569710897,3.93178285236807,4.02115768313637,3.80168353914043,3.56530481674436,3.45292767978241,3.16382212933937,2.86054654543743,2.57264954198227,,
Norway,NOR,Interest payments (% of expense),GC.XPN.INTP.ZS,,,,,,,,,,,,,2.93255131964809,3.04650211373244,3.32368922447251,2.76696496649143,4.46638381201044,5.10036899317576,5.70290799144564,6.76915914784189,7.52868252868253,7.08556935661317,6.53108034643769,6.88098053972691,6.92378408060267,7.5190095259632,9.03442434202184,8.54836378092192,6.84047753649696,6.85575383339286,6.53473734325662,5.69509297943803,5.55975162047212,6.09494814499624,6.12231852559949,5.74607942096063,5.45023883986795,4.87979440628192,4.53477876763,3.89227491204598,4.03070818311299,4.60781856910162,3.78952351275463,4.34489682686465,3.894962595415,4.34580293487112,6.69126494842906,6.87448283166626,5.30929661517421,3.06146661033722,2.46907576010461,2.11839142761841,1.4848488763749,1.34760686219584,1.20759429805861,1.14369165041454,0.932108396566817,0.791375130943188,0.956776421399281,
Nepal,NPL,Interest payments (% of expense),GC.XPN.INTP.ZS,,,,,,,,,,,,,,,,,,,,,,,,,,,,,,,,,,,,,,,,,,,,,8.35259624969845,,,,,,5.35209301134188,5.76064124198979,6.23010133635781,5.55300799598988,3.96970067508735,2.73200611520356,2.33731011905332,1.93417338524055,,
Nauru,NRU,Interest payments (% of expense),GC.XPN.INTP.ZS,,,,,,,,,,,,,,,,,,,,,,,,,,,,,,,,,,,,,,,,,,,,,,,,,,,,,,,,,,,,
New Zealand,NZL,Interest payments (% of expense),GC.XPN.INTP.ZS,,,,,,,,,,,,,9.06862745098039,8.34028356964137,7.90132284590633,7.54611514812745,9.22110552763819,9.45010183299389,9.75730559683011,10.8223872073101,10.5950825513719,11.3244846088676,11.9378841798771,14.8906296186816,16.2900006438735,18.9356577589173,18.7428045130094,18.4640644824241,16.3258623198952,,,,,,,,,,,,,6.26466684560321,5.27817804514897,5.52766464796483,5.35414445305348,5.26479739425263,4.54949614700652,3.85641938133041,2.16287045425133,3.43884378293675,3.5982796558538,3.78918692643562,4.75432254552293,4.90705054604017,4.50026159981246,4.52019302311419,4.24593124158892,4.06984040452836,3.85393322643788,
OECD members,OED,Interest payments (% of expense),GC.XPN.INTP.ZS,,,,,,,,,,,,,,,,,,,,,,,,,,,,,,,,,,,,,,,,,,,,,,,,,,,,,,,,,,,,
Oman,OMN,Interest payments (% of expense),GC.XPN.INTP.ZS,,,,,,,,,,,,,,,,,,,,,,,,,,,,,,,,,,,,,,,,,,,,,,,,,,,,,,,,,,,,
Other small states,OSS,Interest payments (% of expense),GC.XPN.INTP.ZS,,,,,,,,,,,,,,,,,,,,,,,,,,,,,,,,2.73534315713578,6.00979425603751,,,4.74107419364962,2.17172014278894,,,6.10763430093712,,7.31418014542415,8.52806070909986,8.08825173903775,8.58492737461451,8.97846182815787,7.77642562089711,7.57733361071548,6.18104990089119,5.52536977580198,,1.90576661969694,3.85522670032635,4.25962308024282,5.17230382859296,3.91740980939997,7.31989644961028,5.25725403343688,,
Pakistan,PAK,Interest payments (% of expense),GC.XPN.INTP.ZS,,,,,,,,,,,,,,,,,,,,,,,,,,,,,,,,,,,,,,,,,,,,,,,,,,,,,,,,,,,,
Panama,PAN,Interest payments (% of expense),GC.XPN.INTP.ZS,,,,,,,,,,,,,,,,,,,,,,,,,,,,,,,,,,,,,,,,,,,,,,,,,,,,,,,,,,,,
Peru,PER,Interest payments (% of expense),GC.XPN.INTP.ZS,,,,,,,,,,,,,6.66666666666667,12.5,9.52380952380952,11.8279569892473,8.59375,14.8148148148148,23.5294117647059,28.8702928870293,21.7700915564598,24.0251572327044,22.2889155662265,27.286791723071,29.2031235299652,30.6183262974919,19.4922147339066,16.1254608798107,25.6862745098039,18.1887885500085,39.4882063720375,26.72147995889,25.897602073882,27.3592910342227,23.4632831503517,19.1888142453987,14.8953102630976,11.7478721421471,12.5927621871888,13.0434782608696,13.240585704881,12.1614885195885,12.0753104789405,12.1911533408274,11.9024940900171,10.8460040271942,11.1029592471319,10.1459802158589,9.09556721280236,7.22932315007083,6.66870769402809,6.47743384835289,5.96592414039836,5.75634632955637,5.08349186173836,4.96051280602034,5.44975516465594,5.55771790440615,,
Philippines,PHL,Interest payments (% of expense),GC.XPN.INTP.ZS,,,,,,,,,,,,,,,,,,,,,,,,,,,,,,,39.3793573180794,37.5364482610046,36.3189713429892,32.6100024300508,,,,,,,28.0693053108699,30.2833506817471,28.4099739145081,31.4395254234644,34.2975186250936,32.3065110565111,33.8639717858718,27.7386493334494,25.870584426156,23.7295333442308,23.3573281317608,20.6309202080079,21.1257433871086,20.4056448471292,19.1353974675979,16.6927945560334,15.1574623055515,13.778044379411,13.4522955171342,
Palau,PLW,Interest payments (% of expense),GC.XPN.INTP.ZS,,,,,,,,,,,,,,,,,,,,,,,,,,,,,,,,,,,,,,,,,,,,,,,,,0.790391506612545,0.586143831192544,0.715165321865257,0.599364860498267,0.492799566025904,0.527064517101453,0.471604261871275,0.655393859698424,0.362985931248731,0.378137585434995,0.373051567011547,
Papua New Guinea,PNG,Interest payments (% of expense),GC.XPN.INTP.ZS,,,,,,,,,,,,,,,,,,,,,,,,,,,,,,,12.1685502300974,8.87089319060033,11.2391695941705,10.7599750580722,12.2613277895541,19.7119258993681,14.8913812185601,15.1899101218776,18.0267926998675,14.8315639469995,13.8880238360329,14.9902143832489,20.6090815469043,,,,,,,,,,,,7.50889221508699,9.33260832012606,10.4365786487969,12.6797012003237,12.6204255695311,
Poland,POL,Interest payments (% of expense),GC.XPN.INTP.ZS,,,,,,,,,,,,,,,,,,,,,,,,,0.203520642808056,0.634217975184626,0.434483911097907,0.540185632852837,0.507600722865951,,,,,,9.63750358743405,9.37935239784641,2.15645767963984,9.5061675822226,9.00816930752782,6.95789020054484,7.5049388424194,7.65225689351125,6.9807086982267,7.05755723053229,6.88108974177513,6.31846244543024,6.19980611255676,5.85766405791242,5.57092127420101,6.3960457756609,6.40945155849362,6.77157336146857,7.00217970794026,6.59219608203682,5.24121630173184,4.83189874279766,4.6239562057994,4.33804414753465,,
Pre-demographic dividend,PRE,Interest payments (% of expense),GC.XPN.INTP.ZS,,,,,,,,,,,,,,,,,,,,,,,,,,,,,,,,,,,,,,,,,,,,,,,,,,,,,4.48094914450879,,,6.77518869240348,8.36885748394117,,,
Puerto Rico,PRI,Interest payments (% of expense),GC.XPN.INTP.ZS,,,,,,,,,,,,,,,,,,,,,,,,,,,,,,,,,,,,,,,,,,,,,,,,,,,,,,,,,,,,
"Korea, Dem. Peoples Rep.",PRK,Interest payments (% of expense),GC.XPN.INTP.ZS,,,,,,,,,,,,,,,,,,,,,,,,,,,,,,,,,,,,,,,,,,,,,,,,,,,,,,,,,,,,
Portugal,PRT,Interest payments (% of expense),GC.XPN.INTP.ZS,,,,,,,,,,,,,,,,2.55754475703325,3.63864491844416,,7.96296296296294,8.69051138043153,8.47570445972931,13.2600480934387,14.3444365698086,15.7056798623064,18.5681505277651,17.3209566170308,20.5751191757651,19.8761365597606,19.2162029741648,17.0872022607994,18.9545366821979,18.3434199066527,19.3357126410316,15.6648739850258,13.2141005702436,,,,,,,,,,,,,,,,6.98085762802908,10.0025717962787,11.1328933573465,10.7684037220916,10.4345273924944,10.4719677685692,10.2203405021479,9.21731006906454,,
Paraguay,PRY,Interest payments (% of expense),GC.XPN.INTP.ZS,,,,,,,,,,,,,,,,,,,,,,,,,,,,,,,,,,,,,,,,,,,,,,6.62598831213475,5.52147894849327,4.96975059171643,3.83302679513206,3.11143943148738,2.26649759968506,1.53499303534432,1.12153457950593,1.72398818181441,1.98736480590926,2.93134806753003,3.64843682646105,3.7273016238611,,
West Bank and Gaza,PSE,Interest payments (% of expense),GC.XPN.INTP.ZS,,,,,,,,,,,,,,,,,,,,,,,,,,,,,,,,,,,,,,,,,,,,,,2.3971015869966,2.4017058682739,1.4745308310992,1.27047509716613,1.9010060865099,1.45089290483911,1.88851635719534,2.19779620026864,2.6206267016985,1.87875834355578,2.46543838628773,2.00391969472339,1.73934950030088,,
Pacific island small states,PSS,Interest payments (% of expense),GC.XPN.INTP.ZS,,,,,,,,,,,,,,,,,,,,,,,,,,,,,,,,,,,,,,,,,,,,,,,,,,,,,,,,,,,,
Post-demographic dividend,PST,Interest payments (% of expense),GC.XPN.INTP.ZS,,,,,,,,,,,,,,,,,,,,,,,,,,,,,,,,,,,,,,,,,,,,,,,,,,,,,,,,,,,,
French Polynesia,PYF,Interest payments (% of expense),GC.XPN.INTP.ZS,,,,,,,,,,,,,,,,,,,,,,,,,,,,,,,,,,,,,,,,,,,,,,,,,,,,,,,,,,,,
Qatar,QAT,Interest payments (% of expense),GC.XPN.INTP.ZS,,,,,,,,,,,,,,,,,,,,,,,,,,,,,,,,,,,,,,,,,,,,,,,,,,,,,,,,,,,,
Romania,ROU,Interest payments (% of expense),GC.XPN.INTP.ZS,,,,,,,,,,,,,,,,,,,,,,,,,,3.21241387433013,2.00933003597122,2.07077326343381,1.2087000892971,0.321905178610495,,0.121399404039289,0.639619090570063,2.63588848138435,4.38279466262807,,,,,,,,,,,,,1.83505126536831,1.74428445557411,3.51584661247235,3.8294226629684,4.35563201049927,5.10106370908981,5.37262250968132,4.97142206094198,4.8477635196912,4.55944813142985,4.21547914140717,,
Russian Federation,RUS,Interest payments (% of expense),GC.XPN.INTP.ZS,,,,,,,,,,,,,,,,,,,,,,,,,,,,,,,,,,,,,,,,16.64496558829,16.6777915329419,11.3543687126246,9.1217201763443,7.17657435266506,5.05970683245881,4.83304759723719,3.29396075442942,1.83943209004981,1.74958932469227,1.42127987416336,1.56176053005206,1.93992847270707,2.03480962726511,2.12038532212261,2.07410187777122,2.66117113038566,2.52107418966118,2.50574617299915,2.69116533082225,
Rwanda,RWA,Interest payments (% of expense),GC.XPN.INTP.ZS,,,,,,,,,,,,,,,,,,,,,,,,,,,,,,,7.8826662721018,14.3718189124029,11.8023112859602,,,,,,,,,,,,,,,,,,,,,,4.44186102353892,4.40472883759897,4.51066469859695,5.0247513095561,,
South Asia,SAS,Interest payments (% of expense),GC.XPN.INTP.ZS,,,,,,,,,,,,,,,,,,,,,,,,,,,,,,,,,,,,,,,,,,,,,,,,,,,,,,,,,,,,
Saudi Arabia,SAU,Interest payments (% of expense),GC.XPN.INTP.ZS,,,,,,,,,,,,,,,,,,,,,,,,,,,,,,,,,,,,,,,,,,,,,,,,,,,2.25778530506359,1.3454473835193,0.856125361722048,0.629480797897996,0.429636124506795,0.329717982399027,0.71049615290679,1.25047493400771,,
Sudan,SDN,Interest payments (% of expense),GC.XPN.INTP.ZS,,,,,,,,,,,,,,,,,,,,,,,,,,,,,,,,,,,,,,,7.63941990340437,9.94686150780472,,,,,,,,,,6.04112071302536,6.90668443554161,,9.61057547740759,4.17763085155784,7.48509828285375,6.53860597729982,4.77144464989147,,,
Senegal,SEN,Interest payments (% of expense),GC.XPN.INTP.ZS,,,,,,,,,,,,,,,,,,,,,,,,,,,,,,,,,,,,,,,,,,,,,,,,,,,,,,,,8.20297104686,,,,
Singapore,SGP,Interest payments (% of expense),GC.XPN.INTP.ZS,,,,,,,,,,,,,8.03212851405623,10.4239054899236,10.5014749262537,10.4556354916067,13.4681583476764,16.0953800298063,18.9630681818182,19.5151887081927,18.6680121089808,14.20926370179,17.1366199745316,25.5928696482572,24.1581632653061,16.3304252998909,12.8440366972477,30.8617886178862,13.9940828402367,14.7649135848355,16.7996674979219,18.7224042159237,14.0955364134691,8.62467596160583,9.24403938481569,8.24575586095392,5.07563331510844,4.89513940291142,4.38888150019949,3.87873177505207,2.03979717271051,1.70703338806787,1.67084065338467,1.40159339038064,1.03991709252046,0.757745427398283,0.457272579860548,0.166012677331724,0.083050207625519,0.083374432999144,0.013304621631344,0.009581318656833,0.007007033309685,0.005458859098448,0.001715399907368,0.003558945780944,0.004380341185844,0.001032311345102,0.000791315689267,
Solomon Islands,SLB,Interest payments (% of expense),GC.XPN.INTP.ZS,,,,,,,,,,,,,,,,,,,,,,,,,,,,,,,,,,,,,,,,,,,,,,,,,,,,1.11174924579942,0.832024525630397,0.514829224262872,0.451759541972911,0.362343790769225,0.330085047549755,0.39079662677684,0.295201299022875,
Sierra Leone,SLE,Interest payments (% of expense),GC.XPN.INTP.ZS,,,,,,,,,,,,,,,,,,,,,,,,,,,,,,,,,,,,,,,,,,,,,,,,,,,,,,,,,,,,
El Salvador,SLV,Interest payments (% of expense),GC.XPN.INTP.ZS,,,,,,,,,,,,,,,,,,,,,,,,,,,,,,,,,,,,,,,9.68974220161801,9.10839563504168,8.8684255126829,6.86917378513451,11.2807497071456,11.3186191284663,13.3704735376045,12.4738328626018,14.2341942464005,12.2217135008299,10.5661852747844,10.095372038852,10.7511673850575,10.0344510769649,10.1570700204169,10.6248764089381,11.61510026005,10.6389641114661,10.8750497835797,11.107340444545,,
San Marino,SMR,Interest payments (% of expense),GC.XPN.INTP.ZS,,,,,,,,,,,,,,,,,,,,,,,,,,,,,,,,,,,,0.749625187406297,,,,,,,2.26499628532847,0.970684744567939,0.798414003668756,0.640165869651048,2.46091771262976,2.61974713075225,1.18940101879946,1.20722515481646,0.878948299767103,0.897932633907153,0.908106433643398,0.631925642794343,,1.08746917119103,1.19348143303846,,,
Somalia,SOM,Interest payments (% of expense),GC.XPN.INTP.ZS,,,,,,,,,,,,,,,,,,,,,,,,,,,,,,,,,,,,,,,,,,,,,,,,,,,,,,,,,,,,
Serbia,SRB,Interest payments (% of expense),GC.XPN.INTP.ZS,,,,,,,,,,,,,,,,,,,,,,,,,,,,,,,,,,,,,,,,,,,,,,,,1.95551141790772,1.45506541790777,1.92962577806902,2.73960753507349,3.29370162591406,4.56264296494174,,,,,,,
Sub-Saharan Africa (excluding high income),SSA,Interest payments (% of expense),GC.XPN.INTP.ZS,,,,,,,,,,,,,,,,,,,,,,,,,,,,,,,,,,,,,,,,,,,,,,,,,,,5.67777956769227,,5.05605164694212,,5.84003343860713,7.01177140750714,8.04420499031364,8.10560061332236,,
South Sudan,SSD,Interest payments (% of expense),GC.XPN.INTP.ZS,,,,,,,,,,,,,,,,,,,,,,,,,,,,,,,,,,,,,,,,,,,,,,,,,,,,,,,,,,,,
Sub-Saharan Africa,SSF,Interest payments (% of expense),GC.XPN.INTP.ZS,,,,,,,,,,,,,,,,,,,,,,,,,,,,,,,,,,,,,,,,,,,,,,,,,,,5.67777956769227,,5.05605164694212,,5.84003343860713,7.01177140750714,8.04420499031364,8.10560061332236,,
Small states,SST,Interest payments (% of expense),GC.XPN.INTP.ZS,,,,,,,,,,,,,,,,,,,,,,,,,,,,,,,,7.01580018199081,9.47086287489362,,,7.20132868659457,2.3851346270601,,,7.41849634065203,,12.790386686973,12.1933206100284,13.9214745549587,10.8936921622537,10.5113407995828,7.77642562089711,8.03716380252783,6.4044289044289,5.80671374648379,4.36901527392804,3.65274205914188,5.07512213672462,4.74059677032581,5.77355610648315,4.72787161011669,7.3929506015818,6.14621141619993,,
Sao Tome and Principe,STP,Interest payments (% of expense),GC.XPN.INTP.ZS,,,,,,,,,,,,,,,,,,,,,,,,,,,,,,,,,,,,,,,,,,,,,,,,,,,,,,,,,,,,
Suriname,SUR,Interest payments (% of expense),GC.XPN.INTP.ZS,,,,,,,,,,,,,,,,,,,,,,,,,,,,,,,,,,,,,,,,,,,,,,,,,,,,,,,,,,,,
Slovak Republic,SVK,Interest payments (% of expense),GC.XPN.INTP.ZS,,,,,,,,,,,,,,,,,,,,,,,,,,,,,,,,,,,,5.38196068262514,4.86087953737668,5.36661375108716,5.77916311479385,7.15610444302726,7.7746800472446,9.18517268795881,7.89595046731279,6.30326362040113,5.70127789189726,4.36702189580895,3.78872668335662,3.88035433375337,3.61354314767718,3.3488631368224,3.19495681215241,3.78222531192218,4.40192238772197,4.6262411247595,4.69315962048796,4.18085827932331,4.03426342389747,3.52723477530717,,
Slovenia,SVN,Interest payments (% of expense),GC.XPN.INTP.ZS,,,,,,,,,,,,,,,,,,,,,,,,,,,,,,,,,1.28617363344051,3.22285295733383,3.75053274612872,,,,,,,,5.26444590394358,4.68156323502804,4.14030786835025,3.80148703917766,3.50408681869982,3.35949545277448,2.84686474501109,3.08876790506946,3.74563550598953,4.18557209330991,4.64626495277317,4.75057069541527,7.32421964362297,7.56086115110159,7.40275487914847,6.47914148852366,,
Sweden,SWE,Interest payments (% of expense),GC.XPN.INTP.ZS,,,,,,,,,,,,,3.70991797166294,3.84615384615385,3.81194409148666,4.43127962085308,3.98187427689934,4.30945376480878,4.59984046796065,4.96950530833522,7.16790989477844,9.93103448275862,10.397209406999,15.3919846718825,17.7414142601134,19.7438521901163,16.624175164967,15.3859137270031,12.1946207589388,11.136006700869,11.6852860785501,10.0470828394574,9.13169782049917,9.97284722127468,12.7799061134193,10.7496500724629,11.7194110678626,12.1111902516026,10.5756797769551,9.73627388239432,8.68566427166082,6.94610560756157,7.51603113136703,5.26584143303972,4.41741715082348,4.61312065453303,4.35039108232783,4.40698834982336,4.0145729167655,2.94729778754906,2.69852960904686,2.78138968937939,2.02138893145282,1.88151596929618,1.67698837937513,1.26887518109719,1.20074536014757,0.987113994800995,,
Eswatini,SWZ,Interest payments (% of expense),GC.XPN.INTP.ZS,,,,,,,,,,,,,,,,,,,,,,,,,,,,,,,,,,,,,,,,,,,,,,,,,,,,,,,,,,,,
Sint Maarten (Dutch part),SXM,Interest payments (% of expense),GC.XPN.INTP.ZS,,,,,,,,,,,,,,,,,,,,,,,,,,,,,,,,,,,,,,,,,,,,,,,,,,,,,,,,,,,,
Seychelles,SYC,Interest payments (% of expense),GC.XPN.INTP.ZS,,,,,,,,,,,,,,,,,,,,,,,,,,9.85590778097983,6.74196964348747,18.7703772706102,20.0465183893008,18.0958230958231,,,,17.6287706915385,19.7420464316423,21.5224486195643,19.7652728120628,19.897457508077,19.5837852494577,20.5396997159475,17.3453897432513,,,,,16.8927205184731,21.396942540854,18.9680876892777,19.6820735075177,22.2594038967195,18.6390589667803,10.7139563008737,13.9198475335105,9.64012030851042,9.56158492687107,11.4751005875801,9.75146489165803,,,
Syrian Arab Republic,SYR,Interest payments (% of expense),GC.XPN.INTP.ZS,,,,,,,,,,,,,,,,,,,,,,,,,,,,,,,,,,,,,,,,,,,,,,,,,,,,,,,,,,,,
Turks and Caicos Islands,TCA,Interest payments (% of expense),GC.XPN.INTP.ZS,,,,,,,,,,,,,,,,,,,,,,,,,,,,,,,,,,,,,,,,,,,,,,,,,,,,,,,,,,,,
Chad,TCD,Interest payments (% of expense),GC.XPN.INTP.ZS,,,,,,,,,,,,,,,,,,,,,,,,,,,,,,,,,,,,,,,,,,,,,,,,,,,,,,,,,,,,
East Asia & Pacific (IDA & IBRD countries),TEA,Interest payments (% of expense),GC.XPN.INTP.ZS,,,,,,,,,,,,,,,,,,,,,,,,,,,,,,,,,,,,,,,,,,,,,,,,,,,,,,,,,,,,
Europe & Central Asia (IDA & IBRD countries),TEC,Interest payments (% of expense),GC.XPN.INTP.ZS,,,,,,,,,,,,,,,,,,,,,,,,,,,,,,,,,,,,,,,,,,,,,,,,,,,,,,,,,,,,
Togo,TGO,Interest payments (% of expense),GC.XPN.INTP.ZS,,,,,,,,,,,,,,,,,,,,,,,,,,,,,,,,,,,,,,,,,,,,,11.4434688476453,6.4744347130915,5.25418647504249,5.93731385804327,5.50986079448432,5.46479884017413,6.25632897064622,4.1892968353972,5.37271822922357,6.73452808108566,8.14820751418086,10.3231610935412,12.826365032502,11.3841202698185,13.220671126281,
Thailand,THA,Interest payments (% of expense),GC.XPN.INTP.ZS,,,,,,,,,,,,,10.4356016011302,10.6239141929149,10.9894299081615,9.79096461668071,7.87931072621497,8.44724498218348,8.36477394202352,9.47283506408697,9.5115049812344,11.8085333106006,12.0836121374335,14.9696741989158,15.3242732873108,17.0946494731806,18.9136854858775,19.0541335838849,19.652093068774,18.9754512790723,15.6357782504384,12.0834416784136,9.10062398663588,6.81436115870897,5.15146246281056,3.07267350019307,1.95631726647547,2.46571298382076,1.12267332222637,4.77693742030428,8.51050466350532,7.57230111537457,6.14839132318385,7.20468188895096,7.90023186070518,7.78807013020329,8.91049421139181,6.2139088080229,5.42303279183526,5.4857413762228,6.70392654143259,6.07567298026545,6.07193220205076,5.77489290133461,5.72740838402309,5.27562865052097,4.38061770575257,5.00434177349225,5.44406929747912,
Tajikistan,TJK,Interest payments (% of expense),GC.XPN.INTP.ZS,,,,,,,,,,,,,,,,,,,,,,,,,,,,,,,,,,,,,,,12.0966495509265,4.39815158764357,4.3642386175432,5.68598332298047,,11.1037562879037,5.22606699801615,,,,,,,,,,,,,,,
Turkmenistan,TKM,Interest payments (% of expense),GC.XPN.INTP.ZS,,,,,,,,,,,,,,,,,,,,,,,,,,,,,,,,,,,,,,,,,,,,,,,,,,,,,,,,,,,,
Latin America & the Caribbean (IDA & IBRD countries),TLA,Interest payments (% of expense),GC.XPN.INTP.ZS,,,,,,,,,,,,,,,,,,,,,,,,,,,,,,,11.487761022936,14.3166587704162,11.2112539595856,12.2126786167069,12.7947059979061,12.7492203651144,12.6369063993235,12.3914876113108,13.6521111279782,11.8929119400957,12.9670353044932,12.1614885195885,13.1298558209064,16.4796317372313,12.5463918075065,10.802980783847,10.7816212363127,9.84076103583542,9.87356087363538,9.3618600907891,,,,,,,,,,
Timor-Leste,TLS,Interest payments (% of expense),GC.XPN.INTP.ZS,,,,,,,,,,,,,,,,,,,,,,,,,,,,,,,,,,,,,,,,,,,,,,,,,,,,0.06626546381124,4.86044139229673E-05,,,0.010211197520429,,,,
Middle East & North Africa (IDA & IBRD countries),TMN,Interest payments (% of expense),GC.XPN.INTP.ZS,,,,,,,,,,,,,,,,,,,,,,,,,,,,,,,,,,,,,,,,,,,,,,,,,,,,,,,,,,,,
Tonga,TON,Interest payments (% of expense),GC.XPN.INTP.ZS,,,,,,,,,,,,,,,,,,,,,,,,,,,,,,,,,,,,,,,,,,,,,,,,,,,,,,3.49799615941412,3.19366395791112,2.69662921348315,2.76342943642168,2.76932140821629,,
South Asia (IDA & IBRD),TSA,Interest payments (% of expense),GC.XPN.INTP.ZS,,,,,,,,,,,,,,,,,,,,,,,,,,,,,,,,,,,,,,,,,,,,,,,,,,,,,,,,,,,,
Sub-Saharan Africa (IDA & IBRD countries),TSS,Interest payments (% of expense),GC.XPN.INTP.ZS,,,,,,,,,,,,,,,,,,,,,,,,,,,,,,,,,,,,,,,,,,,,,,,,,,,5.67777956769227,,5.05605164694212,,5.84003343860713,7.01177140750714,8.04420499031364,8.10560061332236,,
Trinidad and Tobago,TTO,Interest payments (% of expense),GC.XPN.INTP.ZS,,,,,,,,,,,,,,,,,,,,,,,,,,,,,,,,,,,,,,,,,,18.1530573426108,17.1870095031535,16.4796317372313,12.6648978901526,11.1435085719297,7.17077091706248,8.03716380252783,6.4044289044289,8.7410963146485,7.58728035788406,6.43559243642764,5.8993666983351,5.18448512323927,5.31546192395686,5.98744836905417,,,,
Tunisia,TUN,Interest payments (% of expense),GC.XPN.INTP.ZS,,,,,,,,,,,,,5.96658711217184,5.29720986655884,5.03875968992248,3.82740126767431,3.86378519973805,3.68140375021504,4.43751855149896,5.80917874396135,5.40598519789767,5.88717015468608,6.51996184766317,6.79850960160505,7.87286556187982,8.88112878108631,9.70483005366726,10.8992972267811,10.4154078549849,10.3628807957855,10.908095947466,11.43583227446,11.5364322270881,12.2862556059189,12.4760423008411,13.1262400793651,14.1284609768426,13.68273134173,12.4486694474084,12.355047372066,12.054965646471,11.2259783091267,10.835484405712,10.0767765012647,9.87933032325089,9.6998091271907,9.55118396469663,9.05628859975787,7.56452189573209,7.21257571034795,6.51410541315374,5.33871047331093,5.09857675921139,,,,,,,
Turkey,TUR,Interest payments (% of expense),GC.XPN.INTP.ZS,,,,,,,,,,,,,3.48027842227378,3.62976406533575,3.77668308702791,3.59869138495093,3.53753235547886,3.0321046373365,2.83464566929134,2.86483368582965,2.93470286133529,6.22132796780684,,7.78674450549451,9.71822588589056,10.1509266830199,15.529711691325,17.72063933287,18.0515436845857,18.1381845082578,20.7689147404156,15.3455293776915,13.0912792670512,15.1859551859552,20.9138241505449,12.988078032239,13.3352480267498,28.6686966854361,39.2934425767505,,,,,,,,,,15.6948480308444,12.8142435313177,11.4846348576244,9.72212008309352,9.48034007013519,7.84148423059064,7.32645404995065,6.62160972886523,6.2011034077069,6.44178203593343,8.29046773209902,
Tuvalu,TUV,Interest payments (% of expense),GC.XPN.INTP.ZS,,,,,,,,,,,,,,,,,,,,,,,,,,,,,,,,,,,,,,,,,,,,,,,,,,,,,,,,,,,,
Tanzania,TZA,Interest payments (% of expense),GC.XPN.INTP.ZS,,,,,,,,,,,,,,,,,,,,,,,,,,,,,,,,,,,,,,,,,,,,,,,,,,5.32673242991542,5.32673242991542,4.46853264048101,5.06717391196198,6.75730688658015,7.35526855761462,9.00784681722246,10.0223231731321,9.14993835727759,10.5821783757694,
Uganda,UGA,Interest payments (% of expense),GC.XPN.INTP.ZS,,,,,,,,,,,,,,,,,,,,,,,,,,,,,,,,,,,,,,,,,,,,,,,,,,,,,,,,12.3134510342051,14.7882598730963,19.3191882082509,15.8516262826582,
Ukraine,UKR,Interest payments (% of expense),GC.XPN.INTP.ZS,,,,,,,,,,,,,,,,,,,,,,,,,,,,,,,,,,,,,,,,9.16818698203947,9.41876926914552,6.96072554701549,4.20044931442705,3.17200061935914,2.68304381666541,2.05218217570903,1.68677912193787,1.48298995673058,1.24912191433276,2.66454375282398,3.75504712454945,4.94268553411462,4.46411508466849,5.84209806413713,7.38373428386467,11.6820063569338,12.1839336749485,11.1271210556422,9.77739067703411,
Upper middle income,UMC,Interest payments (% of expense),GC.XPN.INTP.ZS,,,,,,,,,,,,,,,,,,,,,,,,,,,,,,,,,,,,,,,14.7114600687675,14.2072494364332,14.3595710497187,,,13.2453343345151,11.7319101707812,8.5274911183776,9.19530885636816,7.01027751985828,6.9393286406759,6.46110844746117,,,,,,,,,,
Uruguay,URY,Interest payments (% of expense),GC.XPN.INTP.ZS,,,,,,,,,,,,,2.41379310344828,2.58780036968577,1.21827411167513,1.90903986524424,0.900252070579762,1.58197507190796,4.14173228346457,3.52560963666634,1.76796173894352,1.43940730287529,3.66250601454813,5.30127730470196,8.7970004065714,9.77592997811816,8.35702950114719,7.04885336190285,6.89761110228296,8.67389491242702,8.64456567352077,7.47822794396062,6.4506204491847,5.07025761124122,6.06880992667795,6.04372440375813,4.38272419404495,5.04558658092248,4.94122737434196,6.56348643499785,7.23803548778658,8.08727549091954,13.1298558209064,18.7710189038298,17.848917399885,15.9000081301988,15.7008706336188,14.2444755311196,11.2424015484251,9.3618600907891,8.08168243534893,8.33233137198811,7.60098767947794,7.61089817851529,7.64096278502259,7.20671933369882,6.97716633468581,7.89151693690971,8.08933868198428,
United States,USA,Interest payments (% of expense),GC.XPN.INTP.ZS,,,,,,,,,,,,,6.50970745849073,6.1468501313262,8.32338146419137,7.48338718527099,7.76368112099981,8.19407008086253,7.62269017811479,9.46853878339234,10.4461593499259,11.6488279916275,12.8954095217808,12.9099992759395,14.2555572217928,15.8175355450237,15.1952695269527,15.0553590872737,15.2764156768733,15.3609570012149,15.2723652175266,15.5366329607948,15.2225104208403,14.363516300981,14.1863312924044,14.9279325798288,15.6229489926071,15.2985882296352,14.92326189971,13.8248636496585,12.8621492784223,16.0388742896542,13.7180124827137,12.3200437121767,12.2474913574403,12.7290866636022,13.0796247693392,13.5071192978674,11.5370268264997,9.57202947264347,9.72726177461458,10.758283656823,10.8720720781905,10.7734738433326,11.0200661832962,10.476706773216,10.7540433075195,10.9417931326982,11.7656213984835,
Uzbekistan,UZB,Interest payments (% of expense),GC.XPN.INTP.ZS,,,,,,,,,,,,,,,,,,,,,,,,,,,,,,,,,,,,,,,,,,,,,,,,,,,,0.229464950876994,0.199184117606081,0.143346783666018,0.172510083818639,0.170497175456371,0.152154724137312,0.238008362660957,0.372494239998409,
St. Vincent and the Grenadines,VCT,Interest payments (% of expense),GC.XPN.INTP.ZS,,,,,,,,,,,,,,,,,,,,,,,,,,,,,,,,,,,,,,,,,10.270901467331,9.52426970548557,9.55041984495216,10.2168352837133,9.56668425290867,11.3952644443482,12.1571614678638,11.9507275776801,10.8528443347395,10.8614398856833,11.0750414503122,9.29750119272412,9.07878420493611,9.75245269981863,8.97211687724745,8.74244492103724,8.30110953500573,8.82525150369937,,
"Venezuela, RB",VEN,Interest payments (% of expense),GC.XPN.INTP.ZS,,,,,,,,,,,,,,,,,,,,,,,,,,,,,,,,,,,,,,,,,,,,,,,,,,,,,,,,,,,,
British Virgin Islands,VGB,Interest payments (% of expense),GC.XPN.INTP.ZS,,,,,,,,,,,,,,,,,,,,,,,,,,,,,,,,,,,,,,,,,,,,,,,,,,,,,,,,,,,,
Virgin Islands (U.S.),VIR,Interest payments (% of expense),GC.XPN.INTP.ZS,,,,,,,,,,,,,,,,,,,,,,,,,,,,,,,,,,,,,,,,,,,,,,,,,,,,,,,,,,,,
Vietnam,VNM,Interest payments (% of expense),GC.XPN.INTP.ZS,,,,,,,,,,,,,,,,,,,,,,,,,,,,,,,,,,,,,,,,,,,,,,,,,,,,,,,,,,,,
Vanuatu,VUT,Interest payments (% of expense),GC.XPN.INTP.ZS,,,,,,,,,,,,,,,,,,,,,,,,,,,,,,,4.94477266889288,,,,,2.6811970247362,2.48418453942293,2.27272727272727,2.51523199500078,3.7947457366723,,,,,,,,,,2.39451476793249,2.20730827525498,2.99397362741519,2.94946120128819,3.53629482653046,3.32006846394661,3.65356489310383,4.19448325522751,3.79413445207141,3.71565357370032,
World,WLD,Interest payments (% of expense),GC.XPN.INTP.ZS,,,,,,,,,,,,,,,,,,,,,,,,,,,,,,,,,,,,,,,,,,,9.14869511829889,9.13102745434727,8.45694063950549,6.50889433653907,6.60201573691753,6.07561133303309,5.7737313269137,5.52536977580198,5.49191563859146,5.33871047331093,5.64755713945218,5.69143733361202,5.70030587045773,5.92231695110986,6.35046337690354,6.42983387796282,,
Samoa,WSM,Interest payments (% of expense),GC.XPN.INTP.ZS,,,,,,,,,,,,,,,,,,,,,,,,,,,,,,,,,,,,,,,,,,,,,,,,,,,,,2.79829675801394,2.94263528389838,2.71050427643532,3.16911498921253,3.37292801806397,3.16297271499619,2.97701688425647,
Kosovo,XKX,Interest payments (% of expense),GC.XPN.INTP.ZS,,,,,,,,,,,,,,,,,,,,,,,,,,,,,,,,,,,,,,,,,,,,,,,,,,,,,,,,,,,,
"Yemen, Rep.",YEM,Interest payments (% of expense),GC.XPN.INTP.ZS,,,,,,,,,,,,,,,,,,,,,,,,,,,,,,,,,,,,,,,,,,,,,,,,,,,,,,,,,,,,
South Africa,ZAF,Interest payments (% of expense),GC.XPN.INTP.ZS,,,,,,,,,,,,,7.96156485929993,8.64445720850086,6.84840425531915,6.17173524150268,7.02865761689291,7.48216929080877,8.43091334894614,8.7709005573482,9.06356689969111,10.0594033553104,10.315778593209,10.9434746467165,12.6752604626523,13.0710623135085,13.110995556396,13.4013605442177,13.588236262741,15.0718581472174,14.2572632137986,15.4877380683832,15.1193293969871,15.5654759782353,16.7773118203142,18.25123364877,17.5870770739888,19.4221375447389,19.7476605947967,18.9121238163913,18.1060049086277,16.8016772079421,14.5583370058408,12.5691941140716,11.5613262515453,10.8593590528679,9.85031567425652,8.67309675026429,7.6976073804606,7.11550314843855,7.68830887444194,8.03269760336947,8.40890488602517,8.35317703173743,8.98473970029428,9.07443871597339,10.1021676022001,10.2351060485341,,
Zambia,ZMB,Interest payments (% of expense),GC.XPN.INTP.ZS,,,,,,,,,,,,,,,,,,,,,,,,,,,,,,,,,,,,,,,15.9467409815761,19.8925968546222,,6.55230064089435,16.0569729189254,26.0257717943419,25.7855723246773,19.4148420245442,9.55495781880425,6.948607398328,10.0780729614409,9.49977125492046,10.8544427496282,6.53295812174116,8.54053825681193,9.01174019148434,14.3966457144392,16.9809215936305,22.0862192803026,22.9568471479068,,
Zimbabwe,ZWE,Interest payments (% of expense),GC.XPN.INTP.ZS,,,,,,,,,,,,,,,,,,,,,,,,,,,,,,,,,,,,,,,,,,,,,,,,,,2.30571826489879,1.58516032181689,1.272482239801,0.630378001873022,,,2.23771436523429,2.53061400971129,3.42387089539302,,
